Season,Garden,Variety,Clumps,Spacing,Clump,Net kernel weight,PFP experimental yield
2009,CDG,Hopi Blue,35,1.6,1,0.0,0.0
2009,CDG,Hopi Blue,35,1.6,2,0.0,0.0
2009,CDG,Hopi Blue,35,1.6,3,31.700000000000003,79.25
2009,CDG,Hopi Blue,35,1.6,4,0.0,0.0
2009,CDG,Hopi Blue,35,1.6,5,0.0,0.0
2009,CDG,Hopi Blue,35,1.6,6,0.0,0.0
2009,CDG,Hopi Blue,35,1.6,7,0.0,0.0
2009,CDG,Hopi Blue,35,1.6,8,3.5,8.75
2009,CDG,Hopi Blue,35,1.6,9,103.0,257.5
2009,CDG,Hopi Blue,35,1.6,10,79.89999999999999,199.74999999999997
2009,CDG,Hopi Blue,35,1.6,11,0.0,0.0
2009,CDG,Hopi Blue,35,1.6,12,0.0,0.0
2009,CDG,Hopi Blue,35,1.6,13,48.60000000000001,121.50000000000001
2009,CDG,Hopi Blue,35,1.6,14,47.8,119.5
2009,CDG,Hopi Blue,35,1.6,15,0.0,0.0
2009,CDG,Hopi Blue,35,1.6,16,0.20000000000000018,0.5000000000000004
2009,CDG,Hopi Blue,35,1.6,17,167.8,419.5
2009,CDG,Hopi Blue,35,1.6,18,0.0,0.0
2009,CDG,Hopi Blue,35,1.6,19,342.1,855.25
2009,CDG,Hopi Blue,35,1.6,20,0.0,0.0
2009,CDG,Hopi Blue,35,1.6,21,0.0,0.0
2009,CDG,Hopi Blue,35,1.6,22,45.2,113.0
2009,CDG,Hopi Blue,35,1.6,23,347.0,867.5
2009,CDG,Hopi Blue,35,1.6,24,24.6,61.5
2009,CDG,Hopi Blue,35,1.6,25,71.1,177.75
2009,CDG,Hopi Blue,35,1.6,26,107.3,268.25
2009,CDG,Hopi Blue,35,1.6,27,0.0,0.0
2009,CDG,Hopi Blue,35,1.6,28,68.0,170.0
2009,CDG,Hopi Blue,35,1.6,29,63.9,159.75
2009,CDG,Hopi Blue,35,1.6,30,208.10000000000002,520.2500000000001
2009,CDG,Hopi Blue,35,1.6,31,6.9,17.25
2009,CDG,Hopi Blue,35,1.6,32,0.0,0.0
2009,CDG,Hopi Blue,35,1.6,33,0.0,0.0
2009,CDG,Hopi Blue,35,1.6,34,96.19999999999999,240.49999999999997
2009,CDG,Hopi Blue,35,1.6,35,0.0,0.0
2009,KUG,Hopi Sweet,62,1.7,1,0.0,0.0
2009,KUG,Hopi Sweet,62,1.7,2,0.0,0.0
2009,KUG,Hopi Sweet,62,1.7,3,0.0,0.0
2009,KUG,Hopi Sweet,62,1.7,4,0.0,0.0
2009,KUG,Hopi Sweet,62,1.7,5,0.0,0.0
2009,KUG,Hopi Sweet,62,1.7,6,0.0,0.0
2009,KUG,Hopi Sweet,62,1.7,7,0.0,0.0
2009,KUG,Hopi Sweet,62,1.7,8,0.0,0.0
2009,KUG,Hopi Sweet,62,1.7,9,0.0,0.0
2009,KUG,Hopi Sweet,62,1.7,10,0.0,0.0
2009,KUG,Hopi Sweet,62,1.7,11,0.0,0.0
2009,KUG,Hopi Sweet,62,1.7,12,0.0,0.0
2009,KUG,Hopi Sweet,62,1.7,13,0.0,0.0
2009,KUG,Hopi Sweet,62,1.7,14,0.0,0.0
2009,KUG,Hopi Sweet,62,1.7,15,0.0,0.0
2009,KUG,Hopi Sweet,62,1.7,16,0.0,0.0
2009,KUG,Hopi Sweet,62,1.7,17,0.0,0.0
2009,KUG,Hopi Sweet,62,1.7,18,0.0,0.0
2009,KUG,Hopi Sweet,62,1.7,19,0.0,0.0
2009,KUG,Hopi Sweet,62,1.7,20,0.0,0.0
2009,KUG,Hopi Sweet,62,1.7,21,0.0,0.0
2009,KUG,Hopi Sweet,62,1.7,22,0.0,0.0
2009,KUG,Hopi Sweet,62,1.7,23,0.0,0.0
2009,KUG,Hopi Sweet,62,1.7,24,0.0,0.0
2009,KUG,Hopi Sweet,62,1.7,25,0.0,0.0
2009,KUG,Hopi Sweet,62,1.7,26,0.0,0.0
2009,KUG,Hopi Sweet,62,1.7,27,0.0,0.0
2009,KUG,Hopi Sweet,62,1.7,28,0.0,0.0
2009,KUG,Hopi Sweet,62,1.7,29,0.0,0.0
2009,KUG,Hopi Sweet,62,1.7,30,0.0,0.0
2009,KUG,Hopi Sweet,62,1.7,31,0.0,0.0
2009,KUG,Hopi Sweet,62,1.7,32,0.6000000000000004,1.5000000000000009
2009,KUG,Hopi Sweet,62,1.7,33,0.0,0.0
2009,KUG,Hopi Sweet,62,1.7,34,0.0,0.0
2009,KUG,Hopi Sweet,62,1.7,35,0.0,0.0
2009,KUG,Hopi Sweet,62,1.7,36,0.0,0.0
2009,KUG,Hopi Sweet,62,1.7,37,0.0,0.0
2009,KUG,Hopi Sweet,62,1.7,38,0.0,0.0
2009,KUG,Hopi Sweet,62,1.7,39,0.0,0.0
2009,KUG,Hopi Sweet,62,1.7,40,0.0,0.0
2009,KUG,Hopi Sweet,62,1.7,41,0.0,0.0
2009,KUG,Hopi Sweet,62,1.7,42,0.0,0.0
2009,KUG,Hopi Sweet,62,1.7,43,0.0,0.0
2009,KUG,Hopi Sweet,62,1.7,44,0.0,0.0
2009,KUG,Hopi Sweet,62,1.7,45,0.0,0.0
2009,KUG,Hopi Sweet,62,1.7,46,0.0,0.0
2009,KUG,Hopi Sweet,62,1.7,47,0.0,0.0
2009,KUG,Hopi Sweet,62,1.7,48,0.0,0.0
2009,KUG,Hopi Sweet,62,1.7,49,0.0,0.0
2009,KUG,Hopi Sweet,62,1.7,50,0.0,0.0
2009,KUG,Hopi Sweet,62,1.7,51,0.0,0.0
2009,KUG,Hopi Sweet,62,1.7,52,0.0,0.0
2009,KUG,Hopi Sweet,62,1.7,53,0.0,0.0
2009,KUG,Hopi Sweet,62,1.7,54,0.0,0.0
2009,KUG,Hopi Sweet,62,1.7,55,0.0,0.0
2009,KUG,Hopi Sweet,62,1.7,56,0.0,0.0
2009,KUG,Hopi Sweet,62,1.7,57,0.0,0.0
2009,KUG,Hopi Sweet,62,1.7,58,0.0,0.0
2009,KUG,Hopi Sweet,62,1.7,59,0.0,0.0
2009,KUG,Hopi Sweet,62,1.7,60,0.0,0.0
2009,KUG,Hopi Sweet,62,1.7,61,0.0,0.0
2009,KUG,Hopi Sweet,62,1.7,62,0.0,0.0
2009,PLC,Kokoma,32,1.8,1,0.0,0.0
2009,PLC,Kokoma,32,1.8,2,0.0,0.0
2009,PLC,Kokoma,32,1.8,3,0.0,0.0
2009,PLC,Kokoma,32,1.8,4,0.0,0.0
2009,PLC,Kokoma,32,1.8,5,0.0,0.0
2009,PLC,Kokoma,32,1.8,6,0.0,0.0
2009,PLC,Kokoma,32,1.8,7,0.0,0.0
2009,PLC,Kokoma,32,1.8,8,0.0,0.0
2009,PLC,Kokoma,32,1.8,9,0.0,0.0
2009,PLC,Kokoma,32,1.8,10,0.0,0.0
2009,PLC,Kokoma,32,1.8,11,0.0,0.0
2009,PLC,Kokoma,32,1.8,12,0.0,0.0
2009,PLC,Kokoma,32,1.8,13,0.0,0.0
2009,PLC,Kokoma,32,1.8,14,0.0,0.0
2009,PLC,Kokoma,32,1.8,15,0.0,0.0
2009,PLC,Kokoma,32,1.8,16,0.0,0.0
2009,PLC,Kokoma,32,1.8,17,0.0,0.0
2009,PLC,Kokoma,32,1.8,18,0.0,0.0
2009,PLC,Kokoma,32,1.8,19,0.0,0.0
2009,PLC,Kokoma,32,1.8,20,0.0,0.0
2009,PLC,Kokoma,32,1.8,21,0.0,0.0
2009,PLC,Kokoma,32,1.8,22,0.5,1.25
2009,PLC,Kokoma,32,1.8,23,0.20000000000000107,0.5000000000000027
2009,PLC,Kokoma,32,1.8,24,0.0,0.0
2009,PLC,Kokoma,32,1.8,25,0.0,0.0
2009,PLC,Kokoma,32,1.8,26,0.0,0.0
2009,PLC,Kokoma,32,1.8,27,0.0,0.0
2009,PLC,Kokoma,32,1.8,28,0.0,0.0
2009,PLC,Kokoma,32,1.8,29,0.0,0.0
2009,PLC,Kokoma,32,1.8,30,0.0,0.0
2009,PLC,Kokoma,32,1.8,31,0.0,0.0
2009,PLC,Kokoma,32,1.8,32,0.0,0.0
2009,POG,Greasy-head,28,1.5,1,0.0,0.0
2009,POG,Greasy-head,28,1.5,2,85.60000000000001,214.00000000000003
2009,POG,Greasy-head,28,1.5,3,5.8999999999999995,14.749999999999998
2009,POG,Greasy-head,28,1.5,4,21.0,52.5
2009,POG,Greasy-head,28,1.5,5,5.000000000000001,12.500000000000004
2009,POG,Greasy-head,28,1.5,6,28.900000000000002,72.25
2009,POG,Greasy-head,28,1.5,7,73.10000000000001,182.75000000000003
2009,POG,Greasy-head,28,1.5,8,146.4,366.0
2009,POG,Greasy-head,28,1.5,9,240.70000000000002,601.75
2009,POG,Greasy-head,28,1.5,10,17.2,43.0
2009,POG,Greasy-head,28,1.5,11,30.2,75.5
2009,POG,Greasy-head,28,1.5,12,89.5,223.74999999999997
2009,POG,Greasy-head,28,1.5,13,194.1,485.25
2009,POG,Greasy-head,28,1.5,14,12.399999999999999,30.999999999999996
2009,POG,Greasy-head,28,1.5,15,12.9,32.25
2009,POG,Greasy-head,28,1.5,16,2.6,6.5
2009,POG,Greasy-head,28,1.5,17,20.400000000000002,51.00000000000001
2009,POG,Greasy-head,28,1.5,18,229.3,573.2500000000001
2009,POG,Greasy-head,28,1.5,19,211.7,529.2499999999999
2009,POG,Greasy-head,28,1.5,20,74.7,186.75
2009,POG,Greasy-head,28,1.5,21,13.5,33.75
2009,POG,Greasy-head,28,1.5,22,54.0,135.0
2009,POG,Greasy-head,28,1.5,23,101.60000000000001,254.00000000000003
2009,POG,Greasy-head,28,1.5,24,222.97442660897264,557.4360665224316
2009,POG,Greasy-head,28,1.5,25,161.5,403.75
2009,POG,Greasy-head,28,1.5,26,102.6,256.5
2009,POG,Greasy-head,28,1.5,27,6.0,15.000000000000002
2009,POG,Greasy-head,28,1.5,28,0.0,0.0
2010,CDG,Hopi White,26,1.4,1,410.5,1026.2499999999998
2010,CDG,Hopi White,26,1.4,2,455.5,1138.7499999999998
2010,CDG,Hopi White,26,1.4,3,472.5,1181.2499999999998
2010,CDG,Hopi White,26,1.4,4,869.6,2174.0
2010,CDG,Hopi White,26,1.4,5,511.2,1277.9999999999998
2010,CDG,Hopi White,26,1.4,6,597.1,1492.7499999999998
2010,CDG,Hopi White,26,1.4,7,525.0,1312.4999999999998
2010,CDG,Hopi White,26,1.4,8,869.1,2172.75
2010,CDG,Hopi White,26,1.4,9,561.1,1402.7499999999998
2010,CDG,Hopi White,26,1.4,10,589.6,1474.0
2010,CDG,Hopi White,26,1.4,11,486.5,1216.2499999999998
2010,CDG,Hopi White,26,1.4,12,243.9,609.7499999999999
2010,CDG,Hopi White,26,1.4,13,486.4,1215.9999999999998
2010,CDG,Hopi White,26,1.4,14,627.5,1568.75
2010,CDG,Hopi White,26,1.4,15,691.4,1728.4999999999995
2010,CDG,Hopi White,26,1.4,16,560.8,1401.9999999999998
2010,CDG,Hopi White,26,1.4,17,907.2,2267.9999999999995
2010,CDG,Hopi White,26,1.4,18,675.4,1688.4999999999995
2010,CDG,Hopi White,26,1.4,19,371.40000000000003,928.5
2010,CDG,Hopi White,26,1.4,20,663.4,1658.4999999999995
2010,CDG,Hopi White,26,1.4,21,481.0,1202.4999999999998
2010,CDG,Hopi White,26,1.4,22,241.39999999999998,603.4999999999999
2010,CDG,Hopi White,26,1.4,23,431.0,1077.4999999999998
2010,CDG,Hopi White,26,1.4,24,436.5,1091.25
2010,CDG,Hopi White,26,1.4,25,733.6,1834.0
2010,CDG,Hopi White,26,1.4,26,370.40000000000003,926.0
2010,KUG,Hopi Blue,77,1.6,1,0.0,0.0
2010,KUG,Hopi Blue,77,1.6,2,0.0,0.0
2010,KUG,Hopi Blue,77,1.6,3,8.8,22.0
2010,KUG,Hopi Blue,77,1.6,4,73.8,184.5
2010,KUG,Hopi Blue,77,1.6,5,47.6,119.00000000000001
2010,KUG,Hopi Blue,77,1.6,6,92.3,230.74999999999997
2010,KUG,Hopi Blue,77,1.6,7,68.0,170.0
2010,KUG,Hopi Blue,77,1.6,8,10.2,25.5
2010,KUG,Hopi Blue,77,1.6,9,0.5,1.25
2010,KUG,Hopi Blue,77,1.6,10,71.10000000000001,177.75
2010,KUG,Hopi Blue,77,1.6,11,69.5,173.74999999999997
2010,KUG,Hopi Blue,77,1.6,12,145.5,363.75
2010,KUG,Hopi Blue,77,1.6,13,91.6,228.99999999999997
2010,KUG,Hopi Blue,77,1.6,14,115.9,289.75
2010,KUG,Hopi Blue,77,1.6,15,8.9,22.25
2010,KUG,Hopi Blue,77,1.6,16,0.0,0.0
2010,KUG,Hopi Blue,77,1.6,17,2.3999999999999995,5.999999999999998
2010,KUG,Hopi Blue,77,1.6,18,12.299999999999999,30.749999999999996
2010,KUG,Hopi Blue,77,1.6,19,0.0,0.0
2010,KUG,Hopi Blue,77,1.6,20,23.8,59.50000000000001
2010,KUG,Hopi Blue,77,1.6,21,396.79999999999995,991.9999999999999
2010,KUG,Hopi Blue,77,1.6,22,114.00000000000001,285.00000000000006
2010,KUG,Hopi Blue,77,1.6,23,0.0,0.0
2010,KUG,Hopi Blue,77,1.6,24,162.7,406.74999999999994
2010,KUG,Hopi Blue,77,1.6,25,183.1,457.74999999999994
2010,KUG,Hopi Blue,77,1.6,26,32.099999999999994,80.24999999999997
2010,KUG,Hopi Blue,77,1.6,27,0.0,0.0
2010,KUG,Hopi Blue,77,1.6,28,0.5999999999999999,1.4999999999999996
2010,KUG,Hopi Blue,77,1.6,29,5.4,13.5
2010,KUG,Hopi Blue,77,1.6,30,98.0,245.0
2010,KUG,Hopi Blue,77,1.6,31,119.10000000000001,297.75
2010,KUG,Hopi Blue,77,1.6,32,149.9,374.75
2010,KUG,Hopi Blue,77,1.6,33,75.89999999999999,189.74999999999997
2010,KUG,Hopi Blue,77,1.6,34,106.39999999999999,266.0
2010,KUG,Hopi Blue,77,1.6,35,9.299999999999999,23.249999999999996
2010,KUG,Hopi Blue,77,1.6,36,1.5,3.75
2010,KUG,Hopi Blue,77,1.6,37,50.099999999999994,125.24999999999997
2010,KUG,Hopi Blue,77,1.6,38,267.09999999999997,667.7499999999999
2010,KUG,Hopi Blue,77,1.6,39,94.8,237.0
2010,KUG,Hopi Blue,77,1.6,40,42.699999999999996,106.74999999999999
2010,KUG,Hopi Blue,77,1.6,41,6.699999999999999,16.75
2010,KUG,Hopi Blue,77,1.6,42,0.0,0.0
2010,KUG,Hopi Blue,77,1.6,43,0.0,0.0
2010,KUG,Hopi Blue,77,1.6,44,19.2,47.99999999999999
2010,KUG,Hopi Blue,77,1.6,45,37.8,94.5
2010,KUG,Hopi Blue,77,1.6,46,151.70000000000002,379.25
2010,KUG,Hopi Blue,77,1.6,47,217.49999999999997,543.7499999999998
2010,KUG,Hopi Blue,77,1.6,48,0.0,0.0
2010,KUG,Hopi Blue,77,1.6,49,154.6,386.49999999999994
2010,KUG,Hopi Blue,77,1.6,50,144.7,361.75
2010,KUG,Hopi Blue,77,1.6,51,16.799999999999997,41.999999999999986
2010,KUG,Hopi Blue,77,1.6,52,75.4,188.5
2010,KUG,Hopi Blue,77,1.6,53,113.80000000000001,284.5
2010,KUG,Hopi Blue,77,1.6,54,153.9,384.75
2010,KUG,Hopi Blue,77,1.6,55,97.7,244.25000000000003
2010,KUG,Hopi Blue,77,1.6,56,164.0,410.0
2010,KUG,Hopi Blue,77,1.6,57,182.0,454.99999999999994
2010,KUG,Hopi Blue,77,1.6,58,106.2,265.5
2010,KUG,Hopi Blue,77,1.6,59,0.0,0.0
2010,KUG,Hopi Blue,77,1.6,60,165.9,414.75
2010,KUG,Hopi Blue,77,1.6,61,285.8,714.5
2010,KUG,Hopi Blue,77,1.6,62,147.5,368.75
2010,KUG,Hopi Blue,77,1.6,63,146.1,365.24999999999994
2010,KUG,Hopi Blue,77,1.6,64,105.29999999999998,263.24999999999994
2010,KUG,Hopi Blue,77,1.6,65,56.0,140.0
2010,KUG,Hopi Blue,77,1.6,66,78.1,195.25
2010,KUG,Hopi Blue,77,1.6,67,75.3,188.25
2010,KUG,Hopi Blue,77,1.6,68,21.5,53.75
2010,KUG,Hopi Blue,77,1.6,69,0.0,0.0
2010,KUG,Hopi Blue,77,1.6,70,14.000000000000002,35.00000000000001
2010,KUG,Hopi Blue,77,1.6,71,37.3,93.25
2010,KUG,Hopi Blue,77,1.6,72,20.0,50.0
2010,KUG,Hopi Blue,77,1.6,73,67.89999999999999,169.74999999999997
2010,KUG,Hopi Blue,77,1.6,74,93.4,233.49999999999997
2010,KUG,Hopi Blue,77,1.6,75,24.4,61.0
2010,KUG,Hopi Blue,77,1.6,76,0.0,0.0
2010,KUG,Hopi Blue,77,1.6,77,0.0,0.0
2010,PLC,Greasy-head & Hopi Blue,38,1.2,1,0.0,0.0
2010,PLC,Greasy-head & Hopi Blue,38,1.2,2,0.0,0.0
2010,PLC,Greasy-head & Hopi Blue,38,1.2,3,0.0,0.0
2010,PLC,Greasy-head & Hopi Blue,38,1.2,4,0.0,0.0
2010,PLC,Greasy-head & Hopi Blue,38,1.2,5,0.0,0.0
2010,PLC,Greasy-head & Hopi Blue,38,1.2,6,0.0,0.0
2010,PLC,Greasy-head & Hopi Blue,38,1.2,7,25.799999999999997,64.49999999999999
2010,PLC,Greasy-head & Hopi Blue,38,1.2,8,61.8,154.50000000000003
2010,PLC,Greasy-head & Hopi Blue,38,1.2,9,0.0,0.0
2010,PLC,Greasy-head & Hopi Blue,38,1.2,10,5.3,13.25
2010,PLC,Greasy-head & Hopi Blue,38,1.2,11,26.6,66.50000000000001
2010,PLC,Greasy-head & Hopi Blue,38,1.2,12,54.5,136.25
2010,PLC,Greasy-head & Hopi Blue,38,1.2,13,158.3,395.75000000000006
2010,PLC,Greasy-head & Hopi Blue,38,1.2,14,132.9,332.25
2010,PLC,Greasy-head & Hopi Blue,38,1.2,15,54.8,137.00000000000003
2010,PLC,Greasy-head & Hopi Blue,38,1.2,16,11.1,27.75
2010,PLC,Greasy-head & Hopi Blue,38,1.2,17,2.2,5.500000000000001
2010,PLC,Greasy-head & Hopi Blue,38,1.2,18,44.699999999999996,111.74999999999999
2010,PLC,Greasy-head & Hopi Blue,38,1.2,19,62.400000000000006,156.00000000000003
2010,PLC,Greasy-head & Hopi Blue,38,1.2,20,75.6,189.0
2010,PLC,Greasy-head & Hopi Blue,38,1.2,21,0.0,0.0
2010,PLC,Greasy-head & Hopi Blue,38,1.2,22,0.0,0.0
2010,PLC,Greasy-head & Hopi Blue,38,1.2,23,0.0,0.0
2010,PLC,Greasy-head & Hopi Blue,38,1.2,24,155.5,388.75
2010,PLC,Greasy-head & Hopi Blue,38,1.2,25,161.1,402.75
2010,PLC,Greasy-head & Hopi Blue,38,1.2,26,289.2,723.0000000000001
2010,PLC,Greasy-head & Hopi Blue,38,1.2,27,177.3,443.25000000000006
2010,PLC,Greasy-head & Hopi Blue,38,1.2,28,482.4,1206.0
2010,PLC,Greasy-head & Hopi Blue,38,1.2,29,444.70000000000005,1111.7500000000002
2010,PLC,Greasy-head & Hopi Blue,38,1.2,30,331.8,829.5
2010,PLC,Greasy-head & Hopi Blue,38,1.2,31,196.6,491.50000000000006
2010,PLC,Greasy-head & Hopi Blue,38,1.2,32,456.0,1140.0
2010,PLC,Greasy-head & Hopi Blue,38,1.2,33,125.10000000000001,312.75
2010,PLC,Greasy-head & Hopi Blue,38,1.2,34,152.2,380.5
2010,PLC,Greasy-head & Hopi Blue,38,1.2,35,81.4,203.50000000000003
2010,PLC,Greasy-head & Hopi Blue,38,1.2,36,147.39999999999998,368.4999999999999
2010,PLC,Greasy-head & Hopi Blue,38,1.2,37,339.59999999999997,849.0
2010,PLC,Greasy-head & Hopi Blue,38,1.2,38,245.0,612.5
2010,POG,Greasy-head,30,1.5,1,42.1,105.24999999999999
2010,POG,Greasy-head,30,1.5,2,162.5,406.25
2010,POG,Greasy-head,30,1.5,3,132.1,330.25
2010,POG,Greasy-head,30,1.5,4,157.3,393.25
2010,POG,Greasy-head,30,1.5,5,51.199999999999996,127.99999999999999
2010,POG,Greasy-head,30,1.5,6,181.1,452.75
2010,POG,Greasy-head,30,1.5,7,174.10000000000002,435.25000000000006
2010,POG,Greasy-head,30,1.5,8,196.2,490.5
2010,POG,Greasy-head,30,1.5,9,25.1,62.75
2010,POG,Greasy-head,30,1.5,10,92.3,230.75
2010,POG,Greasy-head,30,1.5,11,104.39999999999999,260.99999999999994
2010,POG,Greasy-head,30,1.5,12,192.9,482.25
2010,POG,Greasy-head,30,1.5,13,371.40000000000003,928.5000000000001
2010,POG,Greasy-head,30,1.5,14,205.6,514.0
2010,POG,Greasy-head,30,1.5,15,18.8,46.99999999999999
2010,POG,Greasy-head,30,1.5,16,0.0,0.0
2010,POG,Greasy-head,30,1.5,17,110.9,277.25
2010,POG,Greasy-head,30,1.5,18,438.2,1095.5
2010,POG,Greasy-head,30,1.5,19,198.6,496.5
2010,POG,Greasy-head,30,1.5,20,60.2,150.5
2010,POG,Greasy-head,30,1.5,21,18.500000000000004,46.250000000000014
2010,POG,Greasy-head,30,1.5,22,179.9,449.75
2010,POG,Greasy-head,30,1.5,23,382.4,955.9999999999999
2010,POG,Greasy-head,30,1.5,24,183.4,458.5
2010,POG,Greasy-head,30,1.5,25,11.3,28.25
2010,POG,Greasy-head,30,1.5,26,138.8,346.99999999999994
2010,POG,Greasy-head,30,1.5,27,175.99999999999997,439.99999999999994
2010,POG,Greasy-head,30,1.5,28,187.0,467.5
2010,POG,Greasy-head,30,1.5,29,17.1,42.75
2010,POG,Greasy-head,30,1.5,30,109.60000000000001,274.0
2011,CDG,Hopi White,26,1.75,1,0.0,0.0
2011,CDG,Hopi White,26,1.75,2,0.0,0.0
2011,CDG,Hopi White,26,1.75,3,0.0,0.0
2011,CDG,Hopi White,26,1.75,4,0.0,0.0
2011,CDG,Hopi White,26,1.75,5,0.0,0.0
2011,CDG,Hopi White,26,1.75,6,0.0,0.0
2011,CDG,Hopi White,26,1.75,7,0.7000000000000002,1.7500000000000002
2011,CDG,Hopi White,26,1.75,8,104.9,262.25
2011,CDG,Hopi White,26,1.75,9,209.5,523.7499999999999
2011,CDG,Hopi White,26,1.75,10,0.0,0.0
2011,CDG,Hopi White,26,1.75,11,0.0,0.0
2011,CDG,Hopi White,26,1.75,12,195.8,489.49999999999994
2011,CDG,Hopi White,26,1.75,13,196.79999999999998,491.9999999999999
2011,CDG,Hopi White,26,1.75,14,95.6,238.99999999999994
2011,CDG,Hopi White,26,1.75,15,0.0,0.0
2011,CDG,Hopi White,26,1.75,16,17.3,43.25
2011,CDG,Hopi White,26,1.75,17,16.5,41.24999999999999
2011,CDG,Hopi White,26,1.75,18,132.7,331.74999999999994
2011,CDG,Hopi White,26,1.75,19,314.8,787.0
2011,CDG,Hopi White,26,1.75,20,7.899999999999999,19.749999999999996
2011,CDG,Hopi White,26,1.75,21,0.0,0.0
2011,CDG,Hopi White,26,1.75,22,0.0,0.0
2011,CDG,Hopi White,26,1.75,23,2.4,5.999999999999999
2011,CDG,Hopi White,26,1.75,24,14.700000000000001,36.75
2011,CDG,Hopi White,26,1.75,25,104.30000000000001,260.75
2011,CDG,Hopi White,26,1.75,26,40.300000000000004,100.75000000000001
2011,KUG,Hopi Blue,36,2.0,1,0.0,0.0
2011,KUG,Hopi Blue,36,2.0,2,2.0,4.999999999999999
2011,KUG,Hopi Blue,36,2.0,3,10.399999999999999,25.999999999999993
2011,KUG,Hopi Blue,36,2.0,4,33.4,83.49999999999999
2011,KUG,Hopi Blue,36,2.0,5,7.499999999999999,18.749999999999996
2011,KUG,Hopi Blue,36,2.0,6,0.0,0.0
2011,KUG,Hopi Blue,36,2.0,7,0.0,0.0
2011,KUG,Hopi Blue,36,2.0,8,0.0,0.0
2011,KUG,Hopi Blue,36,2.0,9,0.0,0.0
2011,KUG,Hopi Blue,36,2.0,10,40.5,101.24999999999999
2011,KUG,Hopi Blue,36,2.0,11,122.4,306.0
2011,KUG,Hopi Blue,36,2.0,12,36.3,90.74999999999999
2011,KUG,Hopi Blue,36,2.0,13,13.000000000000002,32.5
2011,KUG,Hopi Blue,36,2.0,14,94.5,236.25
2011,KUG,Hopi Blue,36,2.0,15,14.7,36.749999999999986
2011,KUG,Hopi Blue,36,2.0,16,5.7,14.25
2011,KUG,Hopi Blue,36,2.0,17,0.0,0.0
2011,KUG,Hopi Blue,36,2.0,18,0.0,0.0
2011,KUG,Hopi Blue,36,2.0,19,0.0,0.0
2011,KUG,Hopi Blue,36,2.0,20,0.0,0.0
2011,KUG,Hopi Blue,36,2.0,21,1.0000000000000002,2.5
2011,KUG,Hopi Blue,36,2.0,22,54.7,136.75
2011,KUG,Hopi Blue,36,2.0,23,29.799999999999997,74.49999999999999
2011,KUG,Hopi Blue,36,2.0,24,0.0,0.0
2011,KUG,Hopi Blue,36,2.0,25,0.20000000000000018,0.5000000000000004
2011,KUG,Hopi Blue,36,2.0,26,16.5,41.24999999999999
2011,KUG,Hopi Blue,36,2.0,27,27.499999999999996,68.74999999999999
2011,KUG,Hopi Blue,36,2.0,28,13.1,32.74999999999999
2011,KUG,Hopi Blue,36,2.0,29,0.0,0.0
2011,KUG,Hopi Blue,36,2.0,30,0.0,0.0
2011,KUG,Hopi Blue,36,2.0,31,0.0,0.0
2011,KUG,Hopi Blue,36,2.0,32,5.9,14.749999999999998
2011,KUG,Hopi Blue,36,2.0,33,0.0,0.0
2011,KUG,Hopi Blue,36,2.0,34,0.0,0.0
2011,KUG,Hopi Blue,36,2.0,35,0.0,0.0
2011,KUG,Hopi Blue,36,2.0,36,0.0,0.0
2011,PLC,Hopi Blue,39,1.5,1,0.0,0.0
2011,PLC,Hopi Blue,39,1.5,2,0.0,0.0
2011,PLC,Hopi Blue,39,1.5,3,0.0,0.0
2011,PLC,Hopi Blue,39,1.5,4,0.0,0.0
2011,PLC,Hopi Blue,39,1.5,5,0.0,0.0
2011,PLC,Hopi Blue,39,1.5,6,0.0,0.0
2011,PLC,Hopi Blue,39,1.5,7,0.0,0.0
2011,PLC,Hopi Blue,39,1.5,8,0.0,0.0
2011,PLC,Hopi Blue,39,1.5,9,0.0,0.0
2011,PLC,Hopi Blue,39,1.5,10,0.0,0.0
2011,PLC,Hopi Blue,39,1.5,11,0.0,0.0
2011,PLC,Hopi Blue,39,1.5,12,0.0,0.0
2011,PLC,Hopi Blue,39,1.5,13,0.0,0.0
2011,PLC,Hopi Blue,39,1.5,14,0.0,0.0
2011,PLC,Hopi Blue,39,1.5,15,0.0,0.0
2011,PLC,Hopi Blue,39,1.5,16,0.0,0.0
2011,PLC,Hopi Blue,39,1.5,17,0.0,0.0
2011,PLC,Hopi Blue,39,1.5,18,0.0,0.0
2011,PLC,Hopi Blue,39,1.5,19,0.0,0.0
2011,PLC,Hopi Blue,39,1.5,20,14.399999999999999,35.99999999999999
2011,PLC,Hopi Blue,39,1.5,21,0.0,0.0
2011,PLC,Hopi Blue,39,1.5,22,0.0,0.0
2011,PLC,Hopi Blue,39,1.5,23,0.0,0.0
2011,PLC,Hopi Blue,39,1.5,24,0.0,0.0
2011,PLC,Hopi Blue,39,1.5,25,0.29999999999999993,0.7499999999999998
2011,PLC,Hopi Blue,39,1.5,26,0.0,0.0
2011,PLC,Hopi Blue,39,1.5,27,0.0,0.0
2011,PLC,Hopi Blue,39,1.5,28,0.19999999999999996,0.49999999999999983
2011,PLC,Hopi Blue,39,1.5,29,0.0,0.0
2011,PLC,Hopi Blue,39,1.5,30,0.0,0.0
2011,PLC,Hopi Blue,39,1.5,31,6.699999999999999,16.749999999999996
2011,PLC,Hopi Blue,39,1.5,32,0.0,0.0
2011,PLC,Hopi Blue,39,1.5,33,0.0,0.0
2011,PLC,Hopi Blue,39,1.5,34,0.0,0.0
2011,PLC,Hopi Blue,39,1.5,35,0.0,0.0
2011,PLC,Hopi Blue,39,1.5,36,0.0,0.0
2011,PLC,Hopi Blue,39,1.5,37,0.0,0.0
2011,PLC,Hopi Blue,39,1.5,38,0.0,0.0
2011,PLC,Hopi Blue,39,1.5,39,0.0,0.0
2011,POG,Hopi White,26,1.5,1,7.4,18.5
2011,POG,Hopi White,26,1.5,2,143.20000000000002,358.0
2011,POG,Hopi White,26,1.5,3,322.0,804.9999999999999
2011,POG,Hopi White,26,1.5,4,15.899999999999999,39.74999999999999
2011,POG,Hopi White,26,1.5,5,41.6,104.0
2011,POG,Hopi White,26,1.5,6,0.7999999999999998,1.9999999999999993
2011,POG,Hopi White,26,1.5,7,13.8,34.5
2011,POG,Hopi White,26,1.5,8,42.599999999999994,106.49999999999999
2011,POG,Hopi White,26,1.5,9,90.7,226.74999999999997
2011,POG,Hopi White,26,1.5,10,8.3,20.75
2011,POG,Hopi White,26,1.5,11,3.299999999999999,8.249999999999996
2011,POG,Hopi White,26,1.5,12,87.9,219.74999999999997
2011,POG,Hopi White,26,1.5,13,122.8,306.99999999999994
2011,POG,Hopi White,26,1.5,14,353.3,883.2499999999999
2011,POG,Hopi White,26,1.5,15,64.1,160.24999999999997
2011,POG,Hopi White,26,1.5,16,20.699999999999996,51.749999999999986
2011,POG,Hopi White,26,1.5,17,47.1,117.75
2011,POG,Hopi White,26,1.5,18,313.3,783.2499999999999
2011,POG,Hopi White,26,1.5,19,365.40000000000003,913.5
2011,POG,Hopi White,26,1.5,20,36.0,90.0
2011,POG,Hopi White,26,1.5,21,161.1,402.7499999999999
2011,POG,Hopi White,26,1.5,22,35.1,87.75
2011,POG,Hopi White,26,1.5,23,89.7,224.25
2011,POG,Hopi White,26,1.5,24,148.2,370.49999999999994
2011,POG,Hopi White,26,1.5,25,89.1,222.74999999999994
2011,POG,Hopi White,26,1.5,26,7.800000000000001,19.5
2012,CDG,Hopi White,21,1.5,1,0.0,0.0
2012,CDG,Hopi White,21,1.5,2,0.0,0.0
2012,CDG,Hopi White,21,1.5,3,0.0,0.0
2012,CDG,Hopi White,21,1.5,4,0.0,0.0
2012,CDG,Hopi White,21,1.5,5,0.0,0.0
2012,CDG,Hopi White,21,1.5,6,0.0,0.0
2012,CDG,Hopi White,21,1.5,7,0.0,0.0
2012,CDG,Hopi White,21,1.5,8,0.0,0.0
2012,CDG,Hopi White,21,1.5,9,0.0,0.0
2012,CDG,Hopi White,21,1.5,10,0.0,0.0
2012,CDG,Hopi White,21,1.5,11,0.0,0.0
2012,CDG,Hopi White,21,1.5,12,0.0,0.0
2012,CDG,Hopi White,21,1.5,13,0.0,0.0
2012,CDG,Hopi White,21,1.5,14,0.0,0.0
2012,CDG,Hopi White,21,1.5,15,0.0,0.0
2012,CDG,Hopi White,21,1.5,16,0.0,0.0
2012,CDG,Hopi White,21,1.5,17,0.0,0.0
2012,CDG,Hopi White,21,1.5,18,0.0,0.0
2012,CDG,Hopi White,21,1.5,19,0.0,0.0
2012,CDG,Hopi White,21,1.5,20,0.0,0.0
2012,CDG,Hopi White,21,1.5,21,0.0,0.0
2012,KUG,Hopi Blue,32,1.85,1,0.0,0.0
2012,KUG,Hopi Blue,32,1.85,2,0.0,0.0
2012,KUG,Hopi Blue,32,1.85,3,3.4000000000000004,8.5
2012,KUG,Hopi Blue,32,1.85,4,0.0,0.0
2012,KUG,Hopi Blue,32,1.85,5,0.0,0.0
2012,KUG,Hopi Blue,32,1.85,6,0.0,0.0
2012,KUG,Hopi Blue,32,1.85,7,0.0,0.0
2012,KUG,Hopi Blue,32,1.85,8,0.0,0.0
2012,KUG,Hopi Blue,32,1.85,9,0.0,0.0
2012,KUG,Hopi Blue,32,1.85,10,0.0,0.0
2012,KUG,Hopi Blue,32,1.85,11,2.5,6.25
2012,KUG,Hopi Blue,32,1.85,12,0.0,0.0
2012,KUG,Hopi Blue,32,1.85,13,11.600000000000001,29.0
2012,KUG,Hopi Blue,32,1.85,14,0.0,0.0
2012,KUG,Hopi Blue,32,1.85,15,0.0,0.0
2012,KUG,Hopi Blue,32,1.85,16,3.0,7.5
2012,KUG,Hopi Blue,32,1.85,17,8.5,21.25
2012,KUG,Hopi Blue,32,1.85,18,0.5,1.25
2012,KUG,Hopi Blue,32,1.85,19,0.0,0.0
2012,KUG,Hopi Blue,32,1.85,20,0.0,0.0
2012,KUG,Hopi Blue,32,1.85,21,0.0,0.0
2012,KUG,Hopi Blue,32,1.85,22,0.0,0.0
2012,KUG,Hopi Blue,32,1.85,23,2.8,7.0
2012,KUG,Hopi Blue,32,1.85,24,0.3,0.7499999999999999
2012,KUG,Hopi Blue,32,1.85,25,0.0,0.0
2012,KUG,Hopi Blue,32,1.85,26,0.0,0.0
2012,KUG,Hopi Blue,32,1.85,27,0.0,0.0
2012,KUG,Hopi Blue,32,1.85,28,0.0,0.0
2012,KUG,Hopi Blue,32,1.85,29,0.0,0.0
2012,KUG,Hopi Blue,32,1.85,30,0.0,0.0
2012,KUG,Hopi Blue,32,1.85,31,0.0,0.0
2012,KUG,Hopi Blue,32,1.85,32,0.0,0.0
2012,PLC,Hopi Blue,23,1.75,1,0.0,0.0
2012,PLC,Hopi Blue,23,1.75,2,0.0,0.0
2012,PLC,Hopi Blue,23,1.75,3,0.0,0.0
2012,PLC,Hopi Blue,23,1.75,4,0.0,0.0
2012,PLC,Hopi Blue,23,1.75,5,0.0,0.0
2012,PLC,Hopi Blue,23,1.75,6,0.0,0.0
2012,PLC,Hopi Blue,23,1.75,7,0.0,0.0
2012,PLC,Hopi Blue,23,1.75,8,0.0,0.0
2012,PLC,Hopi Blue,23,1.75,9,0.0,0.0
2012,PLC,Hopi Blue,23,1.75,10,0.0,0.0
2012,PLC,Hopi Blue,23,1.75,11,0.0,0.0
2012,PLC,Hopi Blue,23,1.75,12,0.0,0.0
2012,PLC,Hopi Blue,23,1.75,13,0.0,0.0
2012,PLC,Hopi Blue,23,1.75,14,0.0,0.0
2012,PLC,Hopi Blue,23,1.75,15,0.0,0.0
2012,PLC,Hopi Blue,23,1.75,16,0.0,0.0
2012,PLC,Hopi Blue,23,1.75,17,0.0,0.0
2012,PLC,Hopi Blue,23,1.75,18,0.0,0.0
2012,PLC,Hopi Blue,23,1.75,19,0.0,0.0
2012,PLC,Hopi Blue,23,1.75,20,0.0,0.0
2012,PLC,Hopi Blue,23,1.75,21,0.0,0.0
2012,PLC,Hopi Blue,23,1.75,22,0.0,0.0
2012,PLC,Hopi Blue,23,1.75,23,0.0,0.0
2012,POG,Hopi White,20,1.5,1,0.0,0.0
2012,POG,Hopi White,20,1.5,2,0.0,0.0
2012,POG,Hopi White,20,1.5,3,0.0,0.0
2012,POG,Hopi White,20,1.5,4,0.0,0.0
2012,POG,Hopi White,20,1.5,5,0.0,0.0
2012,POG,Hopi White,20,1.5,6,0.0,0.0
2012,POG,Hopi White,20,1.5,7,0.0,0.0
2012,POG,Hopi White,20,1.5,8,0.0,0.0
2012,POG,Hopi White,20,1.5,9,0.0,0.0
2012,POG,Hopi White,20,1.5,10,0.0,0.0
2012,POG,Hopi White,20,1.5,11,0.0,0.0
2012,POG,Hopi White,20,1.5,12,0.0,0.0
2012,POG,Hopi White,20,1.5,13,0.0,0.0
2012,POG,Hopi White,20,1.5,14,0.0,0.0
2012,POG,Hopi White,20,1.5,15,0.0,0.0
2012,POG,Hopi White,20,1.5,16,0.0,0.0
2012,POG,Hopi White,20,1.5,17,0.0,0.0
2012,POG,Hopi White,20,1.5,18,0.0,0.0
2012,POG,Hopi White,20,1.5,19,0.0,0.0
2012,POG,Hopi White,20,1.5,20,0.0,0.0
2013,CDG,Hopi White,27,1.75,1,0.0,0.0
2013,CDG,Hopi White,27,1.75,2,214.5,536.25
2013,CDG,Hopi White,27,1.75,3,274.90000000000003,687.25
2013,CDG,Hopi White,27,1.75,4,2.7999999999999994,6.999999999999998
2013,CDG,Hopi White,27,1.75,5,46.3,115.74999999999999
2013,CDG,Hopi White,27,1.75,6,41.6,103.99999999999999
2013,CDG,Hopi White,27,1.75,7,58.0,145.0
2013,CDG,Hopi White,27,1.75,8,166.20000000000002,415.50000000000006
2013,CDG,Hopi White,27,1.75,9,97.30000000000001,243.25000000000003
2013,CDG,Hopi White,27,1.75,10,152.2,380.5
2013,CDG,Hopi White,27,1.75,11,158.2,395.49999999999994
2013,CDG,Hopi White,27,1.75,12,148.1,370.25
2013,CDG,Hopi White,27,1.75,13,301.7,754.2499999999999
2013,CDG,Hopi White,27,1.75,14,73.9,184.75
2013,CDG,Hopi White,27,1.75,15,67.7,169.25
2013,CDG,Hopi White,27,1.75,16,0.0,0.0
2013,CDG,Hopi White,27,1.75,17,513.5,1283.75
2013,CDG,Hopi White,27,1.75,18,0.0,0.0
2013,CDG,Hopi White,27,1.75,19,46.300000000000004,115.75000000000001
2013,CDG,Hopi White,27,1.75,20,0.0,0.0
2013,CDG,Hopi White,27,1.75,21,286.40000000000003,716.0
2013,CDG,Hopi White,27,1.75,22,0.2999999999999998,0.7499999999999994
2013,CDG,Hopi White,27,1.75,23,0.0,0.0
2013,CDG,Hopi White,27,1.75,24,0.0,0.0
2013,CDG,Hopi White,27,1.75,25,16.6,41.5
2013,CDG,Hopi White,27,1.75,26,0.0,0.0
2013,CDG,Hopi White,27,1.75,27,0.0,0.0
2013,KUG,Hopi Blue,31,2.0,1,0.0,0.0
2013,KUG,Hopi Blue,31,2.0,2,0.0,0.0
2013,KUG,Hopi Blue,31,2.0,3,0.0,0.0
2013,KUG,Hopi Blue,31,2.0,4,56.5,141.25
2013,KUG,Hopi Blue,31,2.0,5,2.500000000000001,6.250000000000002
2013,KUG,Hopi Blue,31,2.0,6,52.8,132.0
2013,KUG,Hopi Blue,31,2.0,7,0.0,0.0
2013,KUG,Hopi Blue,31,2.0,8,40.1,100.25
2013,KUG,Hopi Blue,31,2.0,9,8.3,20.75
2013,KUG,Hopi Blue,31,2.0,10,0.0,0.0
2013,KUG,Hopi Blue,31,2.0,11,0.0,0.0
2013,KUG,Hopi Blue,31,2.0,12,0.0,0.0
2013,KUG,Hopi Blue,31,2.0,13,3.9,9.749999999999998
2013,KUG,Hopi Blue,31,2.0,14,0.0,0.0
2013,KUG,Hopi Blue,31,2.0,15,65.2,162.99999999999997
2013,KUG,Hopi Blue,31,2.0,16,0.0,0.0
2013,KUG,Hopi Blue,31,2.0,17,3.1999999999999997,7.999999999999997
2013,KUG,Hopi Blue,31,2.0,18,16.0,39.99999999999999
2013,KUG,Hopi Blue,31,2.0,19,59.800000000000004,149.5
2013,KUG,Hopi Blue,31,2.0,20,0.2,0.49999999999999994
2013,KUG,Hopi Blue,31,2.0,21,9.0,22.5
2013,KUG,Hopi Blue,31,2.0,22,0.0,0.0
2013,KUG,Hopi Blue,31,2.0,23,0.10000000000000009,0.2500000000000002
2013,KUG,Hopi Blue,31,2.0,24,10.6,26.499999999999993
2013,KUG,Hopi Blue,31,2.0,25,30.799999999999997,76.99999999999999
2013,KUG,Hopi Blue,31,2.0,26,0.0,0.0
2013,KUG,Hopi Blue,31,2.0,27,0.0,0.0
2013,KUG,Hopi Blue,31,2.0,28,45.800000000000004,114.5
2013,KUG,Hopi Blue,31,2.0,29,23.7,59.249999999999986
2013,KUG,Hopi Blue,31,2.0,30,0.0,0.0
2013,KUG,Hopi Blue,31,2.0,31,0.0,0.0
2013,PLC,Hopi Blue,34,1.75,1,0.0,0.0
2013,PLC,Hopi Blue,34,1.75,2,0.0,0.0
2013,PLC,Hopi Blue,34,1.75,3,0.0,0.0
2013,PLC,Hopi Blue,34,1.75,4,0.0,0.0
2013,PLC,Hopi Blue,34,1.75,5,0.0,0.0
2013,PLC,Hopi Blue,34,1.75,6,0.0,0.0
2013,PLC,Hopi Blue,34,1.75,7,0.0,0.0
2013,PLC,Hopi Blue,34,1.75,8,0.0,0.0
2013,PLC,Hopi Blue,34,1.75,9,0.0,0.0
2013,PLC,Hopi Blue,34,1.75,10,0.0,0.0
2013,PLC,Hopi Blue,34,1.75,11,0.0,0.0
2013,PLC,Hopi Blue,34,1.75,12,0.0,0.0
2013,PLC,Hopi Blue,34,1.75,13,0.0,0.0
2013,PLC,Hopi Blue,34,1.75,14,3.900000000000001,9.750000000000002
2013,PLC,Hopi Blue,34,1.75,15,5.0,12.5
2013,PLC,Hopi Blue,34,1.75,16,0.0,0.0
2013,PLC,Hopi Blue,34,1.75,17,0.0,0.0
2013,PLC,Hopi Blue,34,1.75,18,22.0,54.99999999999999
2013,PLC,Hopi Blue,34,1.75,19,0.0,0.0
2013,PLC,Hopi Blue,34,1.75,20,0.0,0.0
2013,PLC,Hopi Blue,34,1.75,21,7.7,19.25
2013,PLC,Hopi Blue,34,1.75,22,0.0,0.0
2013,PLC,Hopi Blue,34,1.75,23,0.6000000000000005,1.5000000000000013
2013,PLC,Hopi Blue,34,1.75,24,0.0,0.0
2013,PLC,Hopi Blue,34,1.75,25,11.900000000000002,29.750000000000004
2013,PLC,Hopi Blue,34,1.75,26,1.2000000000000002,3.0
2013,PLC,Hopi Blue,34,1.75,27,0.0,0.0
2013,PLC,Hopi Blue,34,1.75,28,5.9,14.750000000000002
2013,PLC,Hopi Blue,34,1.75,29,0.0,0.0
2013,PLC,Hopi Blue,34,1.75,30,0.0,0.0
2013,PLC,Hopi Blue,34,1.75,31,7.9,19.75
2013,PLC,Hopi Blue,34,1.75,32,4.699999999999999,11.749999999999996
2013,PLC,Hopi Blue,34,1.75,33,6.3999999999999995,15.999999999999998
2013,PLC,Hopi Blue,34,1.75,34,0.0,0.0
2013,POG,Hopi White,25,1.75,1,0.0,0.0
2013,POG,Hopi White,25,1.75,2,0.0,0.0
2013,POG,Hopi White,25,1.75,3,7.199999999999999,17.999999999999996
2013,POG,Hopi White,25,1.75,4,0.0,0.0
2013,POG,Hopi White,25,1.75,5,0.0,0.0
2013,POG,Hopi White,25,1.75,6,3.0999999999999996,7.749999999999998
2013,POG,Hopi White,25,1.75,7,0.0,0.0
2013,POG,Hopi White,25,1.75,8,0.0,0.0
2013,POG,Hopi White,25,1.75,9,0.0,0.0
2013,POG,Hopi White,25,1.75,10,0.0,0.0
2013,POG,Hopi White,25,1.75,11,0.0,0.0
2013,POG,Hopi White,25,1.75,12,0.0,0.0
2013,POG,Hopi White,25,1.75,13,2.1999999999999993,5.499999999999998
2013,POG,Hopi White,25,1.75,14,0.0,0.0
2013,POG,Hopi White,25,1.75,15,0.0,0.0
2013,POG,Hopi White,25,1.75,16,0.0,0.0
2013,POG,Hopi White,25,1.75,17,0.0,0.0
2013,POG,Hopi White,25,1.75,18,0.0,0.0
2013,POG,Hopi White,25,1.75,19,0.0,0.0
2013,POG,Hopi White,25,1.75,20,0.0,0.0
2013,POG,Hopi White,25,1.75,21,0.0,0.0
2013,POG,Hopi White,25,1.75,22,0.0,0.0
2013,POG,Hopi White,25,1.75,23,0.0,0.0
2013,POG,Hopi White,25,1.75,24,0.0,0.0
2013,POG,Hopi White,25,1.75,25,0.0,0.0
2014,CDG,Hopi White,25,1.75,1,0.9000000000000002,2.2500000000000004
2014,CDG,Hopi White,25,1.75,2,0.0,0.0
2014,CDG,Hopi White,25,1.75,3,0.0,0.0
2014,CDG,Hopi White,25,1.75,4,0.6000000000000005,1.5000000000000016
2014,CDG,Hopi White,25,1.75,5,0.10000000000000009,0.2500000000000002
2014,CDG,Hopi White,25,1.75,6,0.2999999999999998,0.7499999999999996
2014,CDG,Hopi White,25,1.75,7,0.0,0.0
2014,CDG,Hopi White,25,1.75,8,0.0,0.0
2014,CDG,Hopi White,25,1.75,9,0.0,0.0
2014,CDG,Hopi White,25,1.75,10,21.100000000000005,52.75000000000001
2014,CDG,Hopi White,25,1.75,11,0.0,0.0
2014,CDG,Hopi White,25,1.75,12,0.0,0.0
2014,CDG,Hopi White,25,1.75,13,262.3,655.75
2014,CDG,Hopi White,25,1.75,14,0.0,0.0
2014,CDG,Hopi White,25,1.75,15,0.0,0.0
2014,CDG,Hopi White,25,1.75,16,28.6,71.5
2014,CDG,Hopi White,25,1.75,17,0.0,0.0
2014,CDG,Hopi White,25,1.75,18,0.0,0.0
2014,CDG,Hopi White,25,1.75,19,0.0,0.0
2014,CDG,Hopi White,25,1.75,20,0.0,0.0
2014,CDG,Hopi White,25,1.75,21,0.5,1.25
2014,CDG,Hopi White,25,1.75,22,0.0,0.0
2014,CDG,Hopi White,25,1.75,23,0.0,0.0
2014,CDG,Hopi White,25,1.75,24,0.0,0.0
2014,CDG,Hopi White,25,1.75,25,0.0,0.0
2014,KUG,Hopi Blue,29,2.0,1,0.0,0.0
2014,KUG,Hopi Blue,29,2.0,2,0.0,0.0
2014,KUG,Hopi Blue,29,2.0,3,0.0,0.0
2014,KUG,Hopi Blue,29,2.0,4,0.09999999999999998,0.24999999999999992
2014,KUG,Hopi Blue,29,2.0,5,0.0,0.0
2014,KUG,Hopi Blue,29,2.0,6,14.100000000000001,35.25
2014,KUG,Hopi Blue,29,2.0,7,0.0,0.0
2014,KUG,Hopi Blue,29,2.0,8,0.0,0.0
2014,KUG,Hopi Blue,29,2.0,9,0.0,0.0
2014,KUG,Hopi Blue,29,2.0,10,0.0,0.0
2014,KUG,Hopi Blue,29,2.0,11,0.0,0.0
2014,KUG,Hopi Blue,29,2.0,12,0.0,0.0
2014,KUG,Hopi Blue,29,2.0,13,0.0,0.0
2014,KUG,Hopi Blue,29,2.0,14,0.0,0.0
2014,KUG,Hopi Blue,29,2.0,15,0.0,0.0
2014,KUG,Hopi Blue,29,2.0,16,0.0,0.0
2014,KUG,Hopi Blue,29,2.0,17,0.0,0.0
2014,KUG,Hopi Blue,29,2.0,18,0.0,0.0
2014,KUG,Hopi Blue,29,2.0,19,0.0,0.0
2014,KUG,Hopi Blue,29,2.0,20,0.0,0.0
2014,KUG,Hopi Blue,29,2.0,21,0.0,0.0
2014,KUG,Hopi Blue,29,2.0,22,0.0,0.0
2014,KUG,Hopi Blue,29,2.0,23,0.0,0.0
2014,KUG,Hopi Blue,29,2.0,24,5.0,12.499999999999998
2014,KUG,Hopi Blue,29,2.0,25,0.0,0.0
2014,KUG,Hopi Blue,29,2.0,26,0.0,0.0
2014,KUG,Hopi Blue,29,2.0,27,0.0,0.0
2014,KUG,Hopi Blue,29,2.0,28,0.0,0.0
2014,KUG,Hopi Blue,29,2.0,29,0.0,0.0
2014,PLC,Hopi Blue,28,1.75,1,0.0,0.0
2014,PLC,Hopi Blue,28,1.75,2,0.0,0.0
2014,PLC,Hopi Blue,28,1.75,3,0.0,0.0
2014,PLC,Hopi Blue,28,1.75,4,0.0,0.0
2014,PLC,Hopi Blue,28,1.75,5,0.0,0.0
2014,PLC,Hopi Blue,28,1.75,6,0.0,0.0
2014,PLC,Hopi Blue,28,1.75,7,0.0,0.0
2014,PLC,Hopi Blue,28,1.75,8,0.0,0.0
2014,PLC,Hopi Blue,28,1.75,9,0.0,0.0
2014,PLC,Hopi Blue,28,1.75,10,0.0,0.0
2014,PLC,Hopi Blue,28,1.75,11,0.0,0.0
2014,PLC,Hopi Blue,28,1.75,12,0.0,0.0
2014,PLC,Hopi Blue,28,1.75,13,0.0,0.0
2014,PLC,Hopi Blue,28,1.75,14,0.0,0.0
2014,PLC,Hopi Blue,28,1.75,15,0.0,0.0
2014,PLC,Hopi Blue,28,1.75,16,0.0,0.0
2014,PLC,Hopi Blue,28,1.75,17,0.0,0.0
2014,PLC,Hopi Blue,28,1.75,18,0.0,0.0
2014,PLC,Hopi Blue,28,1.75,19,0.0,0.0
2014,PLC,Hopi Blue,28,1.75,20,0.0,0.0
2014,PLC,Hopi Blue,28,1.75,21,0.0,0.0
2014,PLC,Hopi Blue,28,1.75,22,0.0,0.0
2014,PLC,Hopi Blue,28,1.75,23,0.0,0.0
2014,PLC,Hopi Blue,28,1.75,24,0.0,0.0
2014,PLC,Hopi Blue,28,1.75,25,0.0,0.0
2014,PLC,Hopi Blue,28,1.75,26,0.0,0.0
2014,PLC,Hopi Blue,28,1.75,27,0.0,0.0
2014,PLC,Hopi Blue,28,1.75,28,0.0,0.0
2014,POG,Hopi White,20,1.5,1,0.0,0.0
2014,POG,Hopi White,20,1.5,2,0.0,0.0
2014,POG,Hopi White,20,1.5,3,0.0,0.0
2014,POG,Hopi White,20,1.5,4,0.0,0.0
2014,POG,Hopi White,20,1.5,5,0.0,0.0
2014,POG,Hopi White,20,1.5,6,0.0,0.0
2014,POG,Hopi White,20,1.5,7,0.0,0.0
2014,POG,Hopi White,20,1.5,8,0.0,0.0
2014,POG,Hopi White,20,1.5,9,0.0,0.0
2014,POG,Hopi White,20,1.5,10,0.0,0.0
2014,POG,Hopi White,20,1.5,11,0.0,0.0
2014,POG,Hopi White,20,1.5,12,0.0,0.0
2014,POG,Hopi White,20,1.5,13,0.0,0.0
2014,POG,Hopi White,20,1.5,14,0.0,0.0
2014,POG,Hopi White,20,1.5,15,0.0,0.0
2014,POG,Hopi White,20,1.5,16,0.0,0.0
2014,POG,Hopi White,20,1.5,17,0.0,0.0
2014,POG,Hopi White,20,1.5,18,0.0,0.0
2014,POG,Hopi White,20,1.5,19,0.0,0.0
2014,POG,Hopi White,20,1.5,20,0.0,0.0
2015,CDG,Hopi White,47,1.75,1,0.0,0.0
2015,CDG,Hopi White,47,1.75,2,257.4,643.5
2015,CDG,Hopi White,47,1.75,3,201.8,504.5
2015,CDG,Hopi White,47,1.75,4,321.0,802.5
2015,CDG,Hopi White,47,1.75,5,80.6,201.49999999999997
2015,CDG,Hopi White,47,1.75,6,216.6,541.4999999999999
2015,CDG,Hopi White,47,1.75,7,224.70000000000002,561.7500000000001
2015,CDG,Hopi White,47,1.75,8,19.5,48.75
2015,CDG,Hopi White,47,1.75,9,0.0,0.0
2015,CDG,Hopi White,47,1.75,10,56.5,141.25
2015,CDG,Hopi White,47,1.75,11,99.3,248.24999999999997
2015,CDG,Hopi White,47,1.75,12,159.6,399.0
2015,CDG,Hopi White,47,1.75,13,265.7,664.25
2015,CDG,Hopi White,47,1.75,14,232.2,580.4999999999999
2015,CDG,Hopi White,47,1.75,15,239.3,598.25
2015,CDG,Hopi White,47,1.75,16,0.0,0.0
2015,CDG,Hopi White,47,1.75,17,0.0,0.0
2015,CDG,Hopi White,47,1.75,18,57.400000000000006,143.5
2015,CDG,Hopi White,47,1.75,19,349.7,874.2499999999998
2015,CDG,Hopi White,47,1.75,20,102.89999999999999,257.24999999999994
2015,CDG,Hopi White,47,1.75,21,99.5,248.74999999999997
2015,CDG,Hopi White,47,1.75,22,21.599999999999998,53.99999999999999
2015,CDG,Hopi White,47,1.75,23,12.4,31.000000000000004
2015,CDG,Hopi White,47,1.75,24,23.9,59.74999999999999
2015,CDG,Hopi White,47,1.75,25,0.0,0.0
2015,CDG,Hopi White,47,1.75,26,182.89999999999998,457.24999999999994
2015,CDG,Hopi White,47,1.75,27,66.7,166.75
2015,CDG,Hopi White,47,1.75,28,92.10000000000001,230.25
2015,CDG,Hopi White,47,1.75,29,417.0,1042.5
2015,CDG,Hopi White,47,1.75,30,370.0,925.0
2015,CDG,Hopi White,47,1.75,31,0.0,0.0
2015,CDG,Hopi White,47,1.75,32,159.8,399.5
2015,CDG,Hopi White,47,1.75,33,301.09999999999997,752.7499999999999
2015,CDG,Hopi White,47,1.75,34,169.1,422.75
2015,CDG,Hopi White,47,1.75,35,72.5,181.25
2015,CDG,Hopi White,47,1.75,36,272.1,680.25
2015,CDG,Hopi White,47,1.75,37,186.0,465.00000000000006
2015,CDG,Hopi White,47,1.75,38,242.7,606.75
2015,CDG,Hopi White,47,1.75,39,4.4,11.0
2015,CDG,Hopi White,47,1.75,40,4.3999999999999995,10.999999999999998
2015,CDG,Hopi White,47,1.75,41,0.0,0.0
2015,CDG,Hopi White,47,1.75,42,90.30000000000001,225.75
2015,CDG,Hopi White,47,1.75,43,58.3,145.75
2015,CDG,Hopi White,47,1.75,44,217.0,542.5
2015,CDG,Hopi White,47,1.75,45,171.20000000000002,428.0
2015,CDG,Hopi White,47,1.75,46,407.8,1019.5000000000001
2015,CDG,Hopi White,47,1.75,47,151.1,377.75
2015,KUG,Hopi Blue,36,2.25,1,0.0,0.0
2015,KUG,Hopi Blue,36,2.25,2,79.4,198.49999999999997
2015,KUG,Hopi Blue,36,2.25,3,96.8,241.99999999999997
2015,KUG,Hopi Blue,36,2.25,4,120.3,300.74999999999994
2015,KUG,Hopi Blue,36,2.25,5,0.0,0.0
2015,KUG,Hopi Blue,36,2.25,6,149.89999999999998,374.74999999999994
2015,KUG,Hopi Blue,36,2.25,7,329.8,824.5
2015,KUG,Hopi Blue,36,2.25,8,60.6,151.49999999999997
2015,KUG,Hopi Blue,36,2.25,9,17.400000000000002,43.5
2015,KUG,Hopi Blue,36,2.25,10,0.0,0.0
2015,KUG,Hopi Blue,36,2.25,11,0.0,0.0
2015,KUG,Hopi Blue,36,2.25,12,83.3,208.24999999999997
2015,KUG,Hopi Blue,36,2.25,13,214.1,535.2499999999999
2015,KUG,Hopi Blue,36,2.25,14,486.7,1216.75
2015,KUG,Hopi Blue,36,2.25,15,92.30000000000001,230.74999999999997
2015,KUG,Hopi Blue,36,2.25,16,341.2,852.9999999999999
2015,KUG,Hopi Blue,36,2.25,17,120.2,300.49999999999994
2015,KUG,Hopi Blue,36,2.25,18,22.0,55.0
2015,KUG,Hopi Blue,36,2.25,19,0.0,0.0
2015,KUG,Hopi Blue,36,2.25,20,0.0,0.0
2015,KUG,Hopi Blue,36,2.25,21,2.6,6.5
2015,KUG,Hopi Blue,36,2.25,22,38.9,97.24999999999999
2015,KUG,Hopi Blue,36,2.25,23,323.7,809.2499999999998
2015,KUG,Hopi Blue,36,2.25,24,0.0,0.0
2015,KUG,Hopi Blue,36,2.25,25,0.0,0.0
2015,KUG,Hopi Blue,36,2.25,26,84.8,211.99999999999994
2015,KUG,Hopi Blue,36,2.25,27,103.7,259.25
2015,KUG,Hopi Blue,36,2.25,28,0.0,0.0
2015,KUG,Hopi Blue,36,2.25,29,0.0,0.0
2015,KUG,Hopi Blue,36,2.25,30,0.0,0.0
2015,KUG,Hopi Blue,36,2.25,31,0.0,0.0
2015,KUG,Hopi Blue,36,2.25,32,6.0,14.999999999999998
2015,KUG,Hopi Blue,36,2.25,33,0.0,0.0
2015,KUG,Hopi Blue,36,2.25,34,0.0,0.0
2015,KUG,Hopi Blue,36,2.25,35,0.0,0.0
2015,KUG,Hopi Blue,36,2.25,36,0.0,0.0
2015,PLC,Hopi Blue,30,1.5,1,0.0,0.0
2015,PLC,Hopi Blue,30,1.5,2,3.6000000000000005,9.0
2015,PLC,Hopi Blue,30,1.5,3,0.0,0.0
2015,PLC,Hopi Blue,30,1.5,4,0.0,0.0
2015,PLC,Hopi Blue,30,1.5,5,13.2,33.0
2015,PLC,Hopi Blue,30,1.5,6,9.8,24.499999999999996
2015,PLC,Hopi Blue,30,1.5,7,4.800000000000001,12.000000000000002
2015,PLC,Hopi Blue,30,1.5,8,0.0,0.0
2015,PLC,Hopi Blue,30,1.5,9,0.0,0.0
2015,PLC,Hopi Blue,30,1.5,10,0.0,0.0
2015,PLC,Hopi Blue,30,1.5,11,36.8,92.0
2015,PLC,Hopi Blue,30,1.5,12,40.5,101.25
2015,PLC,Hopi Blue,30,1.5,13,118.8,297.0
2015,PLC,Hopi Blue,30,1.5,14,85.4,213.49999999999997
2015,PLC,Hopi Blue,30,1.5,15,207.4,518.5
2015,PLC,Hopi Blue,30,1.5,16,152.8,381.99999999999994
2015,PLC,Hopi Blue,30,1.5,17,0.0,0.0
2015,PLC,Hopi Blue,30,1.5,18,288.0,720.0
2015,PLC,Hopi Blue,30,1.5,19,245.3,613.25
2015,PLC,Hopi Blue,30,1.5,20,182.3,455.75
2015,PLC,Hopi Blue,30,1.5,21,504.6,1261.5
2015,PLC,Hopi Blue,30,1.5,22,290.7,726.75
2015,PLC,Hopi Blue,30,1.5,23,270.3,675.75
2015,PLC,Hopi Blue,30,1.5,24,99.5,248.74999999999997
2015,PLC,Hopi Blue,30,1.5,25,47.3,118.25
2015,PLC,Hopi Blue,30,1.5,26,465.79999999999995,1164.4999999999998
2015,PLC,Hopi Blue,30,1.5,27,192.0,480.0
2015,PLC,Hopi Blue,30,1.5,28,100.7,251.75
2015,PLC,Hopi Blue,30,1.5,29,115.6,289.0
2015,PLC,Hopi Blue,30,1.5,30,187.3,468.24999999999994
2015,POG,Hopi White,20,1.75,1,45.5,113.75
2015,POG,Hopi White,20,1.75,2,678.7,1696.75
2015,POG,Hopi White,20,1.75,3,548.4,1371.0
2015,POG,Hopi White,20,1.75,4,304.2,760.4999999999999
2015,POG,Hopi White,20,1.75,5,119.7,299.25
2015,POG,Hopi White,20,1.75,6,158.29999999999998,395.74999999999994
2015,POG,Hopi White,20,1.75,7,415.8,1039.5
2015,POG,Hopi White,20,1.75,8,502.9,1257.25
2015,POG,Hopi White,20,1.75,9,242.3,605.75
2015,POG,Hopi White,20,1.75,10,72.9,182.25
2015,POG,Hopi White,20,1.75,11,118.20000000000002,295.50000000000006
2015,POG,Hopi White,20,1.75,12,213.0,532.5
2015,POG,Hopi White,20,1.75,13,600.9,1502.25
2015,POG,Hopi White,20,1.75,14,270.2,675.5
2015,POG,Hopi White,20,1.75,15,153.1,382.74999999999994
2015,POG,Hopi White,20,1.75,16,142.3,355.75
2015,POG,Hopi White,20,1.75,17,0.0,0.0
2015,POG,Hopi White,20,1.75,18,400.0,1e3
2015,POG,Hopi White,20,1.75,19,339.0,847.5
2015,POG,Hopi White,20,1.75,20,64.60000000000001,161.50000000000003
