Season,Garden,Clump,Condition,Rows,Ear weight,Cob weight,Kernel weight
2009,POG,3,Sparse,10,9.2,7.0,2.1999999999999993
2009,POG,4,Partial,10,10.7,4.4,6.299999999999999
2009,POG,4,Partial,14,18.6,7.4,11.200000000000001
2009,POG,4,Sparse,12,9.2,5.7,3.499999999999999
2009,POG,4,Immature,NA,0.6,0.6,0.0
2009,POG,5,Sparse,12,8.8,3.8,5.000000000000001
2009,POG,5,Immature,NA,0.6,0.6,0.0
2009,POG,6,Full,12,25.8,7.1,18.700000000000003
2009,POG,6,Partial,10,13.2,4.1,9.1
2009,POG,6,Immature,NA,3.1,3.1,0.0
2009,POG,6,Sparse,6,1.4,1.1,0.2999999999999998
2009,POG,6,Sparse,10,3.5,2.7,0.7999999999999998
2009,POG,7,Partial,12,51.6,10.2,41.400000000000006
2009,POG,7,Partial,10,16.6,4.8,11.8
2009,POG,7,Partial,10,18.5,7.2,11.3
2009,POG,7,Sparse,10,9.9,8.3,1.5999999999999996
2009,POG,7,Sparse,12,17.5,10.5,7.0
2009,POG,7,Immature,NA,2.7,2.7,0.0
2009,POG,8,Full,12,89.1,20.7,68.39999999999999
2009,POG,8,Full,10,85.4,21.3,64.10000000000001
2009,POG,8,Partial,10,14.7,3.5,11.2
2009,POG,8,Sparse,6,4.1,1.4,2.6999999999999997
2009,POG,8,Immature,NA,0.5,0.5,0.0
2009,POG,9,Full,16,80.7,30.1,50.6
2009,POG,9,Partial,12,75.3,27.6,47.699999999999996
2009,POG,9,Full,12,76.9,15.0,61.900000000000006
2009,POG,9,Full,14,55.5,13.4,42.1
2009,POG,3,Sparse,12,11.4,7.7,3.7
2009,POG,9,Partial,12,30.5,6.6,23.9
2009,POG,9,Sparse,12,20.8,7.1,13.700000000000001
2009,POG,9,Sparse,12,6.8,6.0,0.7999999999999998
2009,POG,10,Sparse,12,16.2,9.2,7.0
2009,POG,10,Partial,12,19.1,9.8,9.3
2009,POG,10,Immature,NA,14.0,14.0,0.0
2009,POG,10,Sparse,10,3.5,2.6,0.8999999999999999
2009,POG,11,Sparse,12,20.0,8.9,11.1
2009,POG,11,Partial,14,17.4,7.7,9.7
2009,POG,11,Sparse,10,12.1,6.0,6.1
2009,POG,11,Sparse,12,5.8,4.3,1.5
2009,POG,11,Sparse,10,6.0,4.4,1.5999999999999996
2009,POG,11,Sparse,10,3.2,3.0,0.20000000000000018
2009,POG,12,Full,12,48.4,13.6,34.8
2009,POG,12,Partial,12,41.5,13.1,28.4
2009,POG,12,Partial,10,24.8,8.8,16.0
2009,POG,12,Partial,12,15.0,4.9,10.1
2009,POG,12,Sparse,10,4.5,4.3,0.20000000000000018
2009,POG,12,Immature,NA,4.2,4.2,0.0
2009,POG,13,Full,12,129.0,30.0,99.0
2009,POG,13,Partial,12,61.9,15.6,46.3
2009,POG,13,Partial,12,48.1,10.9,37.2
2009,POG,13,Sparse,10,24.0,14.9,9.1
2009,POG,13,Immature,NA,3.9,3.9,0.0
2009,POG,14,Partial,12,12.2,5.5,6.699999999999999
2009,POG,14,Sparse,10,5.3,4.2,1.0999999999999996
2009,POG,14,Sparse,12,6.0,2.3,3.7
2009,POG,14,Sparse,12,2.4,1.5,0.8999999999999999
2009,POG,15,Sparse,10,12.8,3.5,9.3
2009,POG,15,Sparse,12,6.3,2.7,3.5999999999999996
2009,POG,15,Sparse,12,2.7,2.7,0.0
2009,POG,15,Immature,NA,0.7,0.7,0.0
2009,POG,15,Immature,NA,0.4,0.4,0.0
2009,POG,16,Sparse,10,2.9,2.5,0.3999999999999999
2009,POG,16,Sparse,10,4.7,2.9,1.8000000000000003
2009,POG,16,Sparse,6,0.6,0.2,0.39999999999999997
2009,POG,16,Immature,NA,0.8,0.8,0.0
2009,POG,17,Partial,12,21.6,8.4,13.200000000000001
2009,POG,17,Sparse,12,12.0,4.8,7.2
2009,POG,17,Immature,NA,1.4,1.4,0.0
2009,POG,17,Immature,NA,1.8,1.8,0.0
2009,POG,18,Full,14,55.3,15.7,39.599999999999994
2009,POG,18,Full,12,55.0,11.3,43.7
2009,POG,18,Partial,14,72.2,24.2,48.0
2009,POG,18,Partial,10,27.1,10.3,16.8
2009,POG,18,Partial,12,43.2,8.0,35.2
2009,POG,18,Partial,10,29.7,5.9,23.799999999999997
2009,POG,18,Partial,12,28.8,6.6,22.200000000000003
2009,POG,18,Immature,NA,0.2,0.2,0.0
2009,POG,19,Partial,14,42.1,7.6,34.5
2009,POG,19,Partial,10,52.1,11.6,40.5
2009,POG,19,Full,12,76.8,17.6,59.199999999999996
2009,POG,19,Partial,12,29.5,9.2,20.3
2009,POG,19,Sparse,12,8.5,6.6,1.9000000000000004
2009,POG,19,Sparse,12,7.1,7.2,-0.10000000000000053
2009,POG,19,Sparse,8,3.8,1.9,1.9
2009,POG,20,Partial,10,46.6,16.9,29.700000000000003
2009,POG,20,Partial,14,53.8,16.7,37.099999999999994
2009,POG,20,Sparse,10,13.8,5.9,7.9
2009,POG,20,Immature,NA,0.4,0.4,0.0
2009,POG,21,Partial,10,27.3,13.8,13.5
2009,POG,22,Full,14,66.0,21.6,44.4
2009,POG,22,Partial,12,15.7,6.1,9.6
2009,POG,22,Immature,NA,2.4,2.4,0.0
2009,POG,23,Partial,12,45.2,17.3,27.900000000000002
2009,POG,23,Full,12,62.6,13.7,48.900000000000006
2009,POG,23,Partial,12,19.8,6.0,13.8
2009,POG,23,Sparse,12,9.9,4.5,5.4
2009,POG,23,Sparse,10,8.3,4.6,3.700000000000001
2009,POG,23,Sparse,10,6.7,4.8,1.9000000000000004
2009,POG,23,Immature,NA,0.7,0.7,0.0
2009,POG,24,Partial,12,57.0,11.4,45.6
2009,POG,24,Full,14,91.0,NA,NA
2009,POG,24,Full,12,48.0,9.5,38.5
2009,POG,2,Partial,14,37.2,7.0,30.200000000000003
2009,POG,2,Partial,10,21.2,5.0,16.2
2009,POG,2,Partial,10,34.2,8.6,25.6
2009,POG,2,Partial,10,24.5,10.9,13.6
2009,POG,2,Immature,NA,1.1,1.1,0.0
2009,CDG,14,Partial,12,64.8,17.0,47.8
2009,CDG,15,Immature,NA,1.5,1.5,0.0
2009,CDG,15,Immature,NA,0.1,0.1,0.0
2009,CDG,16,Sparse,10,3.2,3.1,0.10000000000000009
2009,CDG,18,Immature,NA,1.4,1.4,0.0
2009,CDG,18,Immature,NA,0.4,0.4,0.0
2009,CDG,19,Full,12,86.8,30.4,56.4
2009,CDG,19,Full,12,91.7,20.0,71.7
2009,CDG,19,Full,14,134.2,27.1,107.1
2009,CDG,19,Partial,12,41.8,13.2,28.599999999999998
2009,CDG,19,Sparse,12,13.9,6.5,7.4
2009,CDG,19,Immature,NA,0.4,0.4,0.0
2009,CDG,22,Partial,10,33.7,19.8,13.900000000000002
2009,CDG,22,Immature,NA,0.3,0.3,0.0
2009,CDG,22,Immature,NA,0.6,0.6,0.0
2009,CDG,23,Full,14,86.8,21.3,65.5
2009,CDG,23,Full,14,68.2,18.1,50.1
2009,CDG,23,Full,16,133.5,24.6,108.9
2009,CDG,23,Full,16,129.4,24.5,104.9
2009,CDG,23,Partial,12,33.9,16.3,17.599999999999998
2009,CDG,23,Immature,NA,1.2,1.2,0.0
2009,CDG,23,Immature,NA,1.0,1.0,0.0
2009,CDG,23,Immature,NA,4.4,4.4,0.0
2009,CDG,24,Partial,14,53.7,29.5,24.200000000000003
2009,CDG,24,Sparse,14,7.4,7.0,0.40000000000000036
2009,CDG,16,Sparse,12,4.0,3.9,0.10000000000000009
2009,CDG,24,Immature,NA,4.9,4.9,0.0
2009,CDG,24,Immature,NA,0.9,0.9,0.0
2009,CDG,24,Immature,NA,0.3,0.3,0.0
2009,CDG,24,Immature,NA,0.3,0.3,0.0
2009,CDG,25,Full,12,97.5,26.9,70.6
2009,CDG,25,Immature,NA,0.9,0.9,0.0
2009,CDG,25,Sparse,10,3.9,3.6,0.2999999999999998
2009,CDG,25,Sparse,8,1.6,1.4,0.20000000000000018
2009,CDG,26,Full,16,142.5,35.2,107.3
2009,CDG,26,Immature,NA,1.3,1.3,0.0
2009,CDG,28,Partial,14,53.1,24.3,28.8
2009,CDG,28,Full,12,59.0,19.8,39.2
2009,CDG,28,Immature,NA,6.2,6.2,0.0
2009,CDG,28,Immature,NA,1.7,1.7,0.0
2009,CDG,29,Partial,14,56.4,17.1,39.3
2009,CDG,29,Partial,12,43.0,18.4,24.6
2009,CDG,30,Full,12,113.2,43.9,69.30000000000001
2009,CDG,30,Full,18,123.4,26.4,97.0
2009,CDG,30,Partial,14,44.8,16.7,28.099999999999998
2009,CDG,30,Sparse,12,20.6,9.7,10.900000000000002
2009,CDG,30,Sparse,8,5.1,2.3,2.8
2009,CDG,30,Immature,NA,0.5,0.5,0.0
2009,CDG,31,Sparse,12,21.5,14.6,6.9
2009,CDG,31,Immature,NA,1.1,1.1,0.0
2009,CDG,34,Full,12,103.3,26.3,77.0
2009,CDG,19,Full,14,93.9,23.0,70.9
2009,CDG,34,Partial,14,33.3,14.1,19.199999999999996
2009,CDG,34,Immature,NA,2.6,2.6,0.0
2009,CDG,34,Immature,NA,1.9,1.9,0.0
2009,CDG,35,Immature,NA,2.3,2.3,0.0
2009,CDG,35,Immature,NA,0.2,0.2,0.0
2009,PLC,22,Sparse,12,3.1,2.6,0.5
2009,PLC,22,Immature,NA,2.8,2.8,0.0
2009,PLC,22,Immature,NA,0.7,0.7,0.0
2009,PLC,23,Sparse,12,8.3,8.1,0.20000000000000107
2009,PLC,23,Immature,NA,0.5,0.5,0.0
2009,PLC,23,Immature,NA,0.3,0.3,0.0
2009,CDG,22,Partial,14,50.7,19.4,31.300000000000004
2009,POG,19,Partial,14,81.8,28.3,53.5
2009,POG,24,Sparse,12,30.5,14.6,15.9
2009,POG,24,Partial,12,24.3,5.0,19.3
2009,POG,24,Partial,12,25.7,10.4,15.299999999999999
2009,POG,24,Partial,12,25.7,5.9,19.799999999999997
2009,POG,25,Partial,14,84.2,23.7,60.5
2009,POG,25,Sparse,12,26.8,8.9,17.9
2009,POG,25,Partial,10,26.9,6.5,20.4
2009,POG,25,Partial,12,33.0,11.8,21.2
2009,POG,25,Sparse,8,7.3,3.1,4.199999999999999
2009,POG,25,Partial,10,35.6,13.8,21.8
2009,POG,25,Partial,12,23.6,8.1,15.500000000000002
2009,POG,25,Immature,NA,0.2,0.2,0.0
2009,POG,25,Immature,NA,0.3,0.3,0.0
2009,POG,25,Immature,NA,0.1,0.1,0.0
2009,POG,26,Full,12,59.8,12.7,47.099999999999994
2009,POG,26,Full,12,56.9,10.7,46.2
2009,POG,26,Sparse,12,11.7,8.2,3.5
2009,POG,26,Sparse,10,11.1,5.3,5.8
2009,POG,26,Immature,NA,0.4,0.4,0.0
2009,POG,26,Immature,NA,1.2,1.2,0.0
2009,POG,27,Sparse,10,3.8,1.5,2.3
2009,POG,27,Sparse,8,3.5,1.7,1.8
2009,POG,27,Sparse,8,3.2,1.7,1.5000000000000002
2009,POG,27,Immature,NA,1.8,1.8,0.0
2009,POG,27,Immature,NA,0.4,0.4,0.0
2009,POG,27,Sparse,8,1.2,0.8,0.3999999999999999
2009,CDG,3,Partial,14,29.8,7.0,22.8
2009,CDG,3,Partial,12,13.8,4.9,8.9
2009,CDG,3,Immature,NA,1.7,1.7,0.0
2009,CDG,8,Sparse,8,7.5,4.0,3.5
2009,CDG,8,Immature,NA,0.9,0.9,0.0
2009,CDG,9,Full,12,84.7,26.9,57.800000000000004
2009,CDG,9,Full,10,53.0,7.8,45.2
2009,CDG,9,Immature,NA,0.7,0.7,0.0
2009,CDG,9,Immature,NA,0.9,0.9,0.0
2009,CDG,10,Full,12,98.6,24.4,74.19999999999999
2009,CDG,10,Sparse,12,13.9,9.7,4.200000000000001
2009,CDG,10,Immature,NA,1.4,1.4,0.0
2009,CDG,10,Sparse,10,4.4,2.9,1.5000000000000004
2009,CDG,17,Full,14,118.2,23.3,94.9
2009,CDG,17,Partial,10,26.1,7.2,18.900000000000002
2009,CDG,17,Partial,13,34.8,13.6,21.199999999999996
2009,CDG,17,Partial,12,33.9,9.5,24.4
2009,CDG,17,Sparse,10,14.2,5.8,8.399999999999999
2009,KUG,32,Sparse,4,0.9,0.7,0.20000000000000007
2009,KUG,32,Sparse,10,2.7,2.4,0.30000000000000027
2009,CDG,13,Partial,12,66.9,19.9,47.00000000000001
2009,KUG,32,Immature,NA,0.4,0.4,0.0
2009,KUG,32,Sparse,8,2.9,2.8,0.10000000000000009
2009,KUG,32,Immature,NA,2.1,2.1,0.0
2009,KUG,32,Immature,NA,0.4,0.4,0.0
2009,KUG,32,Immature,NA,0.5,0.5,0.0
2009,CDG,13,Sparse,8,4.6,3.2,1.3999999999999995
2010,POG,1,Full,12,49.9,7.8,42.1
2009,CDG,13,Sparse,10,4.3,4.1,0.20000000000000018
2010,POG,2,Partial,10,39.6,13.1,26.5
2010,POG,2,Partial,10,52.3,12.8,39.5
2010,POG,2,Full,14,69.3,24.2,45.099999999999994
2010,POG,2,Full,14,45.5,11.4,34.1
2010,POG,2,Partial,10,20.1,2.8,17.3
2010,POG,3,Partial,10,28.4,6.3,22.099999999999998
2010,POG,3,Partial,16,34.6,7.2,27.400000000000002
2010,POG,3,Partial,12,27.0,4.8,22.2
2010,POG,3,Sparse,10,12.0,5.1,6.9
2010,POG,3,Sparse,10,10.7,6.1,4.6
2010,POG,3,Partial,12,38.2,8.5,29.700000000000003
2010,POG,3,Sparse,10,18.8,8.7,10.100000000000001
2010,POG,3,Sparse,8,11.9,4.4,7.5
2010,POG,3,Sparse,10,5.7,4.1,1.6000000000000005
2010,POG,3,Immature,NA,4.2,4.2,0.0
2010,POG,3,Immature,NA,0.5,0.5,0.0
2010,POG,3,Immature,NA,0.2,0.2,0.0
2010,POG,4,Full,12,67.8,16.8,51.0
2010,POG,4,Partial,12,36.3,7.4,28.9
2010,POG,4,Partial,10,54.5,11.4,43.1
2010,POG,4,Sparse,10,30.2,13.4,16.799999999999997
2010,POG,4,Partial,10,26.6,9.1,17.5
2010,POG,5,Partial,12,17.2,3.5,13.7
2010,POG,5,Partial,12,16.9,4.5,12.399999999999999
2010,POG,5,Partial,10,14.6,3.7,10.899999999999999
2010,POG,5,Partial,12,14.2,3.6,10.6
2010,POG,5,Sparse,10,6.7,3.1,3.6
2010,POG,5,Immature,NA,2.2,2.2,0.0
2009,POG,2,Immature,NA,0.4,0.4,0.0
2009,POG,13,Sparse,10,11.7,9.4,2.299999999999999
2009,POG,13,Sparse,10,1.8,1.6,0.19999999999999996
2010,POG,9,Sparse,12,8.8,4.3,4.500000000000001
2010,POG,13,Partial,14,42.3,8.8,33.5
2010,POG,13,Partial,14,62.1,14.9,47.2
2010,POG,14,Full,10,60.4,19.1,41.3
2010,POG,13,Immature,NA,1.1,1.1,0.0
2010,POG,17,Immature,0,0.3,0.3,0.0
2010,POG,10,Partial,8,6.6,1.9,4.699999999999999
2010,POG,17,Partial,12,38.6,10.7,27.900000000000002
2010,POG,10,Partial,8,6.5,2.2,4.3
2010,POG,15,Partial,10,17.1,5.3,11.8
2010,POG,17,Partial,14,31.8,8.9,22.9
2010,POG,15,Sparse,10,7.9,4.0,3.9000000000000004
2010,POG,10,Full,10,51.7,9.7,42.0
2010,POG,15,Sparse,12,9.9,7.3,2.6000000000000005
2010,POG,17,Partial,12,36.6,8.0,28.6
2010,POG,10,Full,12,34.1,8.0,26.1
2010,POG,15,Sparse,10,3.0,2.5,0.5
2010,POG,15,Immature,NA,0.4,0.4,0.0
2010,POG,15,Immature,NA,0.1,0.1,0.0
2010,POG,15,Immature,NA,0.3,0.3,0.0
2010,POG,15,Immature,NA,0.3,0.3,0.0
2010,POG,15,Immature,NA,0.7,0.7,0.0
2010,POG,17,Partial,12,27.1,5.4,21.700000000000003
2010,POG,15,Immature,NA,0.3,0.3,0.0
2010,POG,18,Partial,12,100.3,15.5,84.8
2010,POG,17,Sparse,10,13.5,3.7,9.8
2010,POG,18,Full,12,95.7,17.1,78.6
2010,POG,18,Full,10,77.4,16.8,60.60000000000001
2010,POG,5,Immature,NA,0.5,0.5,0.0
2010,POG,6,Full,12,65.7,14.7,51.0
2010,POG,6,Full,12,60.9,11.4,49.5
2010,POG,6,Full,14,53.7,9.8,43.900000000000006
2010,POG,6,Partial,12,33.8,9.5,24.299999999999997
2010,POG,6,Sparse,10,12.3,2.9,9.4
2010,POG,6,Sparse,10,8.3,6.2,2.1000000000000005
2010,POG,6,Sparse,10,2.7,1.8,0.9000000000000001
2010,POG,7,Full,12,71.2,20.0,51.2
2010,POG,7,Full,12,54.1,11.8,42.3
2010,POG,7,Partial,12,49.6,11.2,38.400000000000006
2010,POG,7,Full,12,33.7,6.5,27.200000000000003
2010,POG,7,Partial,10,21.8,6.8,15.0
2010,POG,8,Full,12,37.5,11.4,26.1
2010,POG,12,Full,10,70.5,18.1,52.4
2010,POG,12,Full,12,85.5,17.0,68.5
2010,POG,9,Sparse,12,10.6,5.9,4.699999999999999
2010,POG,8,Full,12,83.3,22.9,60.4
2010,POG,12,Partial,12,47.2,13.8,33.400000000000006
2010,POG,12,Partial,14,29.9,7.5,22.4
2010,POG,9,Sparse,10,5.6,3.9,1.6999999999999997
2010,POG,8,Partial,14,32.9,8.9,24.0
2010,POG,12,Partial,12,20.4,6.3,14.099999999999998
2010,POG,12,Sparse,12,4.5,2.4,2.1
2010,POG,9,Sparse,12,11.8,6.2,5.6000000000000005
2010,POG,11,Full,10,43.4,8.3,35.099999999999994
2010,POG,11,Partial,10,16.4,3.2,13.2
2015,KUG,14,Full,16,146.3,30.0,116.30000000000001
2011,POG,22,Sparse,NA,12.0,10.9,1.0999999999999996
2011,POG,23,Full,12,73.1,15.3,57.8
2011,POG,23,Partial,12,29.8,12.0,17.8
2011,POG,23,Sparse,NA,8.3,4.8,3.500000000000001
2011,POG,23,Immature,NA,0.6,0.6,0.0
2011,POG,23,Immature,NA,0.1,0.1,0.0
2011,POG,24,Full,10,72.8,19.0,53.8
2011,POG,24,Full,14,69.0,23.6,45.4
2011,POG,24,Full,12,60.8,16.3,44.5
2011,POG,24,Sparse,NA,13.5,11.1,2.4000000000000004
2011,POG,24,Sparse,NA,8.3,7.2,1.1000000000000005
2011,POG,24,Sparse,NA,6.3,5.6,0.7000000000000002
2011,POG,24,Sparse,NA,0.9,0.6,0.30000000000000004
2011,POG,24,Immature,NA,0.3,0.3,0.0
2011,POG,24,Immature,NA,0.2,0.2,0.0
2011,POG,25,Full,10,39.1,12.3,26.8
2011,POG,25,Full,10,43.0,13.6,29.4
2011,POG,25,Full,10,24.6,7.6,17.0
2011,POG,25,Partial,NA,21.1,8.2,12.900000000000002
2011,POG,25,Sparse,10,6.0,3.1,2.9
2011,POG,25,Sparse,NA,3.5,3.4,0.10000000000000009
2011,POG,26,Sparse,8,10.5,7.0,3.5
2011,POG,26,Sparse,NA,9.4,8.1,1.3000000000000007
2011,POG,26,Sparse,8,5.8,3.8,2.0
2011,POG,26,Sparse,NA,1.9,0.9,0.9999999999999999
2011,POG,26,Immature,NA,0.3,0.3,0.0
2011,CDG,17,Sparse,NA,12.5,5.3,7.2
2011,CDG,17,Immature,NA,0.7,0.7,0.0
2011,CDG,18,Full,10,62.2,15.0,47.2
2011,CDG,18,Partial,14,76.6,23.6,52.99999999999999
2011,CDG,18,Partial,10,57.2,26.3,30.900000000000002
2011,CDG,18,Sparse,NA,2.7,1.1,1.6
2011,CDG,18,Immature,NA,0.1,0.1,0.0
2011,CDG,19,Full,12,98.3,19.3,79.0
2011,CDG,19,Partial,14,65.9,18.6,47.300000000000004
2011,CDG,19,Immature,NA,0.3,0.3,0.0
2011,CDG,19,Immature,NA,0.3,0.3,0.0
2011,CDG,19,Partial,12,41.4,19.5,21.9
2011,CDG,19,Full,14,72.7,12.8,59.900000000000006
2011,CDG,20,Sparse,NA,17.7,9.8,7.899999999999999
2011,CDG,20,Immature,NA,3.9,3.9,0.0
2011,CDG,20,Immature,NA,1.8,1.8,0.0
2011,CDG,20,Immature,NA,2.0,2.0,0.0
2011,CDG,20,Immature,NA,0.6,0.6,0.0
2011,CDG,23,Sparse,NA,3.9,1.5,2.4
2011,CDG,23,Immature,NA,1.8,1.8,0.0
2011,CDG,23,Immature,NA,0.7,0.7,0.0
2011,CDG,24,Partial,10,17.1,3.1,14.000000000000002
2011,CDG,24,Sparse,NA,11.2,10.5,0.6999999999999993
2011,CDG,24,Sparse,NA,3.5,3.5,0.0
2011,CDG,25,Full,14,71.9,17.4,54.50000000000001
2011,CDG,25,Partial,16,31.6,8.1,23.5
2011,CDG,17,Sparse,NA,28.4,19.2,9.2
2011,CDG,25,Partial,10,21.5,5.7,15.8
2011,CDG,25,Sparse,10,21.7,11.8,9.899999999999999
2011,CDG,25,Sparse,NA,3.6,3.0,0.6000000000000001
2011,CDG,25,Immature,NA,0.1,0.1,0.0
2011,CDG,26,Sparse,NA,39.7,21.2,18.500000000000004
2011,CDG,26,Sparse,NA,16.1,8.8,7.300000000000001
2011,CDG,26,Full,8,7.0,1.5,5.5
2011,CDG,26,Sparse,NA,12.3,3.3,9.0
2011,CDG,26,Immature,NA,2.2,2.2,0.0
2011,POG,1,Sparse,NA,4.2,3.4,0.8000000000000003
2011,POG,1,Sparse,10,6.3,2.3,4.0
2011,POG,1,Sparse,NA,3.9,2.8,1.1
2011,POG,1,Sparse,NA,4.8,3.3,1.5
2011,POG,1,Immature,NA,1.2,1.2,0.0
2011,POG,2,Full,12,71.7,19.4,52.300000000000004
2011,POG,2,Full,14,63.9,18.2,45.7
2011,POG,2,Full,14,59.3,20.4,38.9
2011,POG,2,Sparse,NA,8.3,5.0,3.3000000000000007
2011,POG,2,Sparse,NA,9.7,9.4,0.29999999999999893
2011,POG,2,Sparse,NA,3.7,1.0,2.7
2011,POG,2,Immature,NA,1.2,1.2,0.0
2011,POG,3,Full,14,117.3,33.7,83.6
2011,POG,3,Full,14,140.2,33.3,106.89999999999999
2011,POG,3,Full,12,100.9,28.2,72.7
2011,POG,3,Sparse,14,27.9,16.7,11.2
2011,POG,3,Partial,8,45.9,17.2,28.7
2011,POG,3,Sparse,NA,33.3,14.4,18.9
2011,CDG,19,Full,12,98.5,19.7,78.8
2011,POG,3,Immature,NA,1.3,1.3,0.0
2011,POG,3,Immature,NA,1.8,1.8,0.0
2011,POG,4,Sparse,NA,27.5,13.9,13.6
2011,POG,4,Sparse,NA,7.3,5.0,2.3
2011,POG,4,Immature,NA,0.7,0.7,0.0
2011,POG,5,Full,12,35.5,8.3,27.2
2011,POG,5,Sparse,8,14.9,6.8,8.100000000000001
2011,POG,5,Sparse,10,6.7,4.4,2.3
2011,POG,5,Sparse,NA,7.2,3.4,3.8000000000000003
2011,POG,5,Immature,NA,1.0,1.0,0.0
2011,POG,5,Immature,NA,0.2,0.2,0.0
2011,POG,5,Sparse,NA,3.0,2.8,0.20000000000000018
2011,POG,6,Sparse,NA,1.9,1.1,0.7999999999999998
2011,POG,6,Immature,NA,0.9,0.9,0.0
2011,POG,6,Immature,NA,0.5,0.5,0.0
2011,POG,7,Partial,12,21.0,12.1,8.9
2011,POG,7,Sparse,10,13.0,8.1,4.9
2011,POG,7,Immature,NA,1.8,1.8,0.0
2011,POG,7,Immature,NA,1.0,1.0,0.0
2011,POG,7,Immature,NA,1.2,1.2,0.0
2011,POG,8,Full,10,47.9,13.6,34.3
2011,POG,8,Full,12,10.4,4.0,6.4
2011,POG,8,Sparse,NA,15.4,13.5,1.9000000000000004
2011,POG,8,Immature,NA,0.6,0.6,0.0
2011,POG,8,Immature,NA,0.1,0.1,0.0
2011,POG,9,Full,14,139.4,48.7,90.7
2011,POG,9,Immature,NA,0.5,0.5,0.0
2011,POG,9,Immature,NA,0.6,0.6,0.0
2011,POG,10,Partial,12,17.1,8.8,8.3
2011,CDG,19,Partial,10,34.4,6.5,27.9
2011,POG,10,Immature,NA,0.6,0.6,0.0
2011,POG,10,Immature,NA,0.3,0.3,0.0
2011,POG,11,Sparse,NA,12.2,8.9,3.299999999999999
2011,POG,12,Full,12,93.3,26.0,67.3
2011,POG,12,Partial,12,34.9,14.4,20.5
2011,POG,12,Sparse,NA,8.3,8.2,0.10000000000000142
2011,POG,12,Immature,NA,1.3,1.3,0.0
2011,POG,13,Full,12,77.0,22.7,54.3
2011,POG,13,Full,18,45.0,14.9,30.1
2011,POG,13,Full,10,42.2,9.1,33.1
2011,POG,13,Sparse,NA,11.1,8.4,2.6999999999999993
2011,POG,13,Sparse,NA,9.4,6.8,2.6000000000000005
2011,POG,13,Sparse,NA,4.9,4.9,0.0
2011,POG,13,Immature,NA,0.2,0.2,0.0
2011,POG,14,Full,12,77.7,22.2,55.5
2011,POG,14,Full,12,139.0,31.3,107.7
2011,POG,14,Full,12,71.7,19.8,51.900000000000006
2011,POG,14,Full,12,65.7,19.0,46.7
2011,POG,14,Partial,12,49.7,13.6,36.1
2011,POG,14,Partial,12,53.6,16.0,37.6
2011,POG,14,Partial,12,30.8,13.2,17.6
2011,POG,14,Sparse,NA,1.1,0.9,0.20000000000000007
2011,POG,14,Immature,NA,0.6,0.6,0.0
2011,POG,14,Immature,NA,0.4,0.4,0.0
2011,POG,14,Immature,NA,0.1,0.1,0.0
2011,POG,14,Immature,NA,0.1,0.1,0.0
2011,POG,14,Immature,NA,0.8,0.8,0.0
2011,POG,15,Full,16,64.0,19.5,44.5
2011,POG,15,Partial,12,22.6,10.3,12.3
2011,POG,15,Sparse,NA,9.5,5.9,3.5999999999999996
2011,POG,15,Sparse,NA,9.4,5.7,3.7
2011,POG,15,Immature,NA,1.6,1.6,0.0
2010,POG,8,Partial,12,58.9,16.1,42.8
2010,POG,11,Partial,10,25.3,6.7,18.6
2010,POG,9,Sparse,10,15.8,7.2,8.600000000000001
2010,POG,8,Full,12,55.1,12.2,42.900000000000006
2010,POG,11,Partial,12,20.6,6.1,14.500000000000002
2010,POG,11,Sparse,10,14.3,4.5,9.8
2010,POG,14,Immature,0,0.6,0.6,0.0
2010,POG,11,Sparse,12,21.0,7.8,13.2
2010,POG,14,Full,14,80.4,14.4,66.0
2010,POG,13,Full,14,84.4,18.0,66.4
2010,POG,13,Full,14,96.4,14.3,82.10000000000001
2010,POG,13,Full,12,75.6,17.9,57.699999999999996
2010,POG,14,Full,12,50.4,10.0,40.4
2010,POG,18,Full,10,45.7,9.6,36.1
2010,POG,18,Full,12,76.5,15.8,60.7
2010,POG,18,Full,12,52.0,11.7,40.3
2010,POG,18,Full,12,38.0,5.7,32.3
2010,POG,18,Full,12,31.4,6.0,25.4
2010,POG,18,Partial,12,24.7,5.3,19.4
2010,POG,19,Partial,12,40.5,13.3,27.2
2010,POG,19,Full,12,40.7,6.4,34.300000000000004
2010,POG,20,Partial,10,15.6,3.7,11.899999999999999
2010,POG,19,Partial,12,43.6,11.1,32.5
2010,POG,20,Partial,10,19.4,4.2,15.2
2010,POG,19,Partial,10,60.1,12.8,47.3
2010,POG,14,Full,14,71.9,14.0,57.900000000000006
2010,POG,20,Partial,10,20.6,7.0,13.600000000000001
2010,POG,21,Immature,NA,0.4,0.4,0.0
2010,POG,21,Immature,NA,0.3,0.3,0.0
2010,POG,19,Partial,12,31.2,11.1,20.1
2010,POG,20,Partial,12,22.4,4.4,18.0
2010,POG,21,Immature,NA,0.3,0.3,0.0
2010,POG,19,Partial,10,39.7,6.8,32.900000000000006
2010,POG,19,Sparse,8,8.5,4.2,4.3
2010,POG,21,Sparse,10,0.6,0.5,0.09999999999999998
2010,POG,19,Immature,NA,0.3,0.3,0.0
2010,POG,21,Sparse,12,5.4,2.7,2.7
2010,POG,22,Full,12,38.5,9.1,29.4
2010,POG,23,Partial,16,42.7,10.3,32.400000000000006
2010,POG,23,Full,14,88.3,15.9,72.39999999999999
2010,POG,21,Sparse,12,9.9,3.8,6.1000000000000005
2010,POG,23,Full,12,90.6,19.6,71.0
2010,POG,22,Full,12,31.8,7.8,24.0
2010,POG,23,Full,12,77.4,16.5,60.900000000000006
2010,POG,23,Partial,12,92.5,20.6,71.9
2010,POG,24,Full,14,93.7,18.9,74.80000000000001
2010,POG,23,Full,12,93.8,20.0,73.8
2010,POG,22,Full,10,23.5,5.6,17.9
2010,POG,23,Immature,NA,0.4,0.4,0.0
2010,POG,25,Sparse,10,3.4,2.9,0.5
2010,POG,22,Full,14,38.0,12.2,25.8
2010,KUG,14,Sparse,8,9.2,1.8,7.3999999999999995
2010,KUG,15,Sparse,10,7.6,2.1,5.5
2010,KUG,15,Sparse,8,4.5,1.1,3.4
2010,KUG,17,Sparse,8,9.2,6.8,2.3999999999999995
2010,KUG,18,Immature,NA,1.9,1.9,0.0
2010,KUG,18,Sparse,2,0.7,0.5,0.19999999999999996
2010,KUG,19,Immature,NA,1.2,1.2,0.0
2010,KUG,22,Partial,12,65.4,16.4,49.00000000000001
2010,KUG,18,Sparse,6,4.6,2.7,1.8999999999999995
2010,KUG,22,Full,10,60.7,11.9,48.800000000000004
2010,KUG,22,Sparse,8,12.9,3.4,9.5
2010,KUG,21,Full,14,180.1,37.5,142.6
2010,KUG,20,Full,14,33.5,9.7,23.8
2010,KUG,22,Sparse,8,9.3,3.0,6.300000000000001
2010,KUG,20,Immature,NA,2.3,2.3,0.0
2010,KUG,21,Full,16,164.7,24.4,140.29999999999998
2010,KUG,21,Full,14,148.0,34.1,113.9
2010,KUG,21,Immature,NA,3.4,3.4,0.0
2010,KUG,21,Immature,NA,1.0,1.0,0.0
2010,KUG,20,Immature,NA,0.1,0.1,0.0
2010,KUG,22,Sparse,14,6.9,6.5,0.40000000000000036
2010,KUG,26,Immature,NA,1.4,1.4,0.0
2010,KUG,24,Full,12,103.0,15.2,87.8
2010,KUG,24,Full,10,62.6,9.8,52.8
2010,KUG,25,Full,12,138.1,24.3,113.8
2010,KUG,24,Full,12,23.7,1.6,22.099999999999998
2010,KUG,25,Full,12,69.7,11.2,58.5
2010,KUG,24,Immature,NA,0.1,0.1,0.0
2010,KUG,26,Partial,12,45.3,13.2,32.099999999999994
2010,KUG,28,Sparse,8,2.4,1.8,0.5999999999999999
2010,KUG,18,Partial,8,14.7,4.5,10.2
2010,KUG,29,Immature,NA,1.8,1.8,0.0
2010,KUG,29,Partial,10,7.2,1.8,5.4
2010,KUG,27,Immature,10,0.7,0.7,0.0
2010,KUG,30,Partial,12,11.8,2.8,9.0
2010,KUG,31,Full,8,83.2,18.0,65.2
2010,KUG,30,Sparse,10,11.0,6.3,4.7
2010,KUG,31,Partial,12,54.7,16.1,38.6
2010,KUG,30,Full,14,39.1,9.6,29.5
2010,KUG,31,Partial,10,19.0,3.7,15.3
2010,KUG,30,Partial,10,68.4,13.6,54.800000000000004
2010,KUG,32,Full,14,86.0,16.8,69.2
2010,KUG,32,Full,14,100.5,19.8,80.7
2010,KUG,33,Partial,12,61.5,17.2,44.3
2010,KUG,33,Sparse,10,27.8,8.0,19.8
2010,KUG,28,Immature,NA,1.0,1.0,0.0
2010,KUG,34,Partial,12,50.1,8.1,42.0
2010,KUG,34,Partial,10,34.3,5.5,28.799999999999997
2010,KUG,34,Partial,14,36.8,6.5,30.299999999999997
2010,KUG,34,Sparse,8,6.5,1.2,5.3
2010,KUG,33,Sparse,8,16.7,4.9,11.799999999999999
2010,KUG,34,Immature,NA,0.6,0.6,0.0
2010,KUG,35,Sparse,8,11.1,1.8,9.299999999999999
2010,KUG,37,Partial,8,25.1,3.6,21.5
2010,KUG,37,Partial,10,17.9,3.8,14.099999999999998
2010,KUG,36,Sparse,6,3.5,2.0,1.5
2010,KUG,37,Sparse,10,13.7,4.0,9.7
2010,KUG,38,Full,12,144.2,30.2,113.99999999999999
2010,CDG,1,Partial,12,20.9,3.0,17.9
2010,CDG,1,Full,12,99.1,18.5,80.6
2010,CDG,2,Full,12,78.5,12.6,65.9
2010,CDG,2,Full,12,95.0,16.3,78.7
2010,CDG,2,Full,14,96.3,22.2,74.1
2010,CDG,2,Full,10,52.1,9.9,42.2
2010,PLC,7,Full,8,22.0,3.1,18.9
2010,PLC,7,Sparse,8,11.7,4.8,6.8999999999999995
2010,PLC,8,Full,11,25.2,2.6,22.599999999999998
2010,PLC,11,Full,8,19.8,3.3,16.5
2010,PLC,11,Full,10,10.5,0.7,9.8
2010,PLC,8,Sparse,3,1.8,0.7,1.1
2010,PLC,11,Sparse,8,1.1,0.8,0.30000000000000004
2010,PLC,8,Full,8,8.0,1.3,6.7
2010,PLC,12,Full,14,29.9,4.5,25.4
2010,PLC,12,Full,12,23.0,2.6,20.4
2010,PLC,8,Partial,5,4.2,0.8,3.4000000000000004
2010,PLC,12,Partial,8,9.6,0.9,8.7
2010,PLC,13,Full,13,54.2,8.1,46.1
2010,PLC,14,Full,12,63.7,15.7,48.0
2010,PLC,14,Partial,10,32.0,6.6,25.4
2010,PLC,13,Full,12,48.8,9.2,39.599999999999994
2010,PLC,14,Full,12,26.1,3.4,22.700000000000003
2010,PLC,14,Partial,12,26.9,4.1,22.799999999999997
2010,PLC,13,Full,10,40.0,7.9,32.1
2010,PLC,14,Partial,12,14.6,1.8,12.799999999999999
2010,PLC,14,Sparse,12,5.5,4.3,1.2000000000000002
2010,PLC,15,Full,14,39.0,5.7,33.3
2010,PLC,15,Full,12,12.6,1.7,10.9
2010,PLC,15,Partial,8,5.9,0.2,5.7
2010,PLC,13,Partial,13,27.5,5.2,22.3
2010,PLC,15,Sparse,8,6.0,1.1,4.9
2010,PLC,16,Full,10,12.0,0.9,11.1
2010,PLC,13,,12,24.3,6.1,18.200000000000003
2010,PLC,17,Sparse,8,3.1,0.9,2.2
2010,PLC,18,Full,13,43.9,8.6,35.3
2010,PLC,19,Full,14,71.4,16.2,55.2
2010,PLC,18,Partial,7,10.5,1.1,9.4
2010,PLC,19,Sparse,8,9.3,2.1,7.200000000000001
2010,PLC,20,Full,12,45.1,6.6,38.5
2010,PLC,24,Immature,NA,0.7,0.7,0.0
2010,PLC,19,Immature,NA,0.6,0.6,0.0
2010,PLC,20,Full,14,47.0,9.9,37.1
2010,PLC,20,Immature,NA,1.7,1.7,0.0
2010,PLC,25,Full,14,62.9,11.6,51.3
2010,PLC,24,Sparse,8,4.3,1.7,2.5999999999999996
2010,PLC,26,Full,13,116.7,20.8,95.9
2010,PLC,25,Full,14,31.5,7.4,24.1
2010,PLC,26,Full,12,97.2,18.0,79.2
2010,PLC,25,Full,12,61.5,14.2,47.3
2010,PLC,26,Immature,NA,0.8,0.8,0.0
2010,PLC,24,Full,8,8.7,2.0,6.699999999999999
2010,PLC,25,Partial,10,23.5,4.9,18.6
2010,PLC,24,Partial,10,11.1,2.5,8.6
2010,PLC,26,Full,11,76.1,17.4,58.699999999999996
2010,PLC,25,Full,12,24.1,4.3,19.8
2010,PLC,26,Sparse,4,8.0,3.6,4.4
2010,PLC,26,Full,14,46.2,11.4,34.800000000000004
2010,PLC,26,Partial,12,21.5,5.3,16.2
2010,PLC,24,Partial,12,19.0,3.7,15.3
2010,PLC,24,Partial,12,18.5,2.1,16.4
2010,PLC,24,Full,10,56.8,9.3,47.5
2010,PLC,24,Full,10,69.3,10.9,58.4
2010,PLC,27,Sparse,12,26.8,16.0,10.8
2010,PLC,27,Full,8,27.0,4.5,22.5
2010,PLC,27,Full,16,67.3,12.8,54.5
2010,PLC,27,Full,12,67.8,13.0,54.8
2010,PLC,29,Full,12,71.9,12.5,59.400000000000006
2010,PLC,29,Full,12,111.4,19.0,92.4
2010,PLC,27,Sparse,12,22.2,5.4,16.799999999999997
2010,PLC,29,Full,13,80.8,17.6,63.199999999999996
2010,PLC,29,Full,12,108.9,24.8,84.10000000000001
2010,PLC,29,Full,10,83.9,15.5,68.4
2010,PLC,28,Full,18,108.0,15.3,92.7
2010,PLC,29,Full,13,53.2,13.3,39.900000000000006
2010,PLC,28,Full,14,141.1,24.8,116.3
2010,PLC,29,Full,12,49.1,11.8,37.3
2010,PLC,30,Full,14,103.6,19.1,84.5
2010,PLC,28,Full,16,111.5,23.2,88.3
2010,PLC,30,Full,12,61.6,9.0,52.6
2010,PLC,28,Full,16,67.0,15.4,51.6
2010,PLC,28,Partial,12,28.5,8.8,19.7
2010,PLC,30,Full,12,57.3,10.9,46.4
2010,PLC,28,Sparse,12,3.3,3.0,0.2999999999999998
2010,PLC,30,Full,16,47.5,7.8,39.7
2010,PLC,31,Full,16,70.2,16.0,54.2
2010,PLC,28,Immature,NA,1.1,1.1,0.0
2010,PLC,31,Full,14,75.1,15.1,59.99999999999999
2010,PLC,31,Sparse,10,5.8,1.1,4.699999999999999
2010,PLC,31,Full,14,59.2,13.2,46.0
2010,PLC,32,Full,10,134.9,29.6,105.30000000000001
2010,PLC,31,Sparse,13,51.0,20.4,30.6
2010,PLC,31,Sparse,2,2.2,1.1,1.1
2010,PLC,32,Full,12,131.7,26.1,105.6
2010,PLC,33,Full,12,81.9,15.6,66.30000000000001
2010,PLC,32,Full,12,89.2,16.1,73.1
2013,KUG,6,Sparse,NA,2.6,2.4,0.20000000000000018
2013,KUG,7,Immature,NA,0.5,0.5,0.0
2013,KUG,8,Partial,8,29.1,7.3,21.8
2013,KUG,8,Partial,12,24.4,8.7,15.7
2013,KUG,8,Partial,8,4.5,1.9,2.6
2013,KUG,8,Immature,NA,1.4,1.4,0.0
2013,KUG,8,Immature,NA,0.1,0.1,0.0
2013,KUG,9,Partial,8,12.5,4.2,8.3
2013,KUG,9,Sparse,NA,6.0,6.0,0.0
2013,KUG,9,Immature,NA,5.2,5.2,0.0
2013,KUG,9,Immature,NA,0.8,0.8,0.0
2013,KUG,10,Immature,NA,0.1,0.1,0.0
2013,KUG,13,Sparse,8,11.1,9.1,2.0
2013,KUG,13,Sparse,NA,2.3,1.2,1.0999999999999999
2013,KUG,13,Immature,NA,1.8,1.8,0.0
2013,KUG,13,Sparse,NA,1.2,0.4,0.7999999999999999
2013,KUG,13,Immature,NA,0.1,0.1,0.0
2013,KUG,15,Partial,12,24.8,6.5,18.3
2013,KUG,15,Partial,10,23.5,6.0,17.5
2013,KUG,15,Partial,10,28.2,9.1,19.1
2013,KUG,15,Partial,10,13.8,3.5,10.3
2013,KUG,17,Sparse,8,3.8,1.7,2.0999999999999996
2013,KUG,17,Sparse,NA,2.2,1.6,0.6000000000000001
2013,KUG,17,Sparse,NA,1.6,1.1,0.5
2013,KUG,17,Immature,NA,0.6,0.6,0.0
2010,POG,13,Full,12,103.7,19.2,84.5
2010,POG,24,Full,12,61.3,11.0,50.3
2010,POG,25,Sparse,10,6.7,2.4,4.300000000000001
2010,POG,22,Full,12,25.2,7.1,18.1
2010,POG,25,Sparse,10,7.6,3.8,3.8
2010,POG,24,Sparse,8,15.3,3.5,11.8
2010,POG,25,Sparse,8,3.6,1.9,1.7000000000000002
2010,POG,22,Partial,12,18.1,7.7,10.400000000000002
2010,POG,22,Immature,NA,0.8,0.8,0.0
2010,POG,22,Immature,NA,2.7,2.7,0.0
2010,POG,22,Immature,NA,1.2,1.2,0.0
2010,POG,24,Partial,12,13.2,2.1,11.1
2010,POG,25,Sparse,8,1.9,0.9,0.9999999999999999
2010,POG,29,Partial,10,20.6,4.1,16.5
2010,POG,26,Full,12,70.2,14.3,55.900000000000006
2010,POG,29,Sparse,8,2.1,1.5,0.6000000000000001
2010,POG,26,Partial,12,32.1,6.5,25.6
2010,POG,26,Partial,10,34.5,8.3,26.2
2010,POG,26,Sparse,10,12.8,2.7,10.100000000000001
2010,POG,27,Sparse,12,5.6,4.4,1.1999999999999993
2010,POG,26,Partial,10,17.7,3.2,14.5
2010,POG,26,Sparse,8,8.6,2.1,6.5
2010,POG,27,Sparse,12,25.9,7.3,18.599999999999998
2010,KUG,25,Sparse,10,10.2,2.3,7.8999999999999995
2010,KUG,37,Sparse,10,6.8,2.0,4.8
2010,KUG,38,Full,12,93.6,23.6,70.0
2010,KUG,38,Partial,14,65.2,10.5,54.7
2010,KUG,38,Partial,12,35.1,6.7,28.400000000000002
2010,KUG,39,Full,12,61.2,10.2,51.0
2010,KUG,39,Partial,12,50.5,9.1,41.4
2010,KUG,39,Sparse,6,3.1,0.7,2.4000000000000004
2010,KUG,41,Partial,12,8.1,1.4,6.699999999999999
2010,KUG,42,Immature,NA,1.1,1.1,0.0
2010,KUG,44,Partial,8,15.5,2.5,13.0
2010,KUG,40,Full,10,31.2,6.9,24.299999999999997
2010,KUG,44,Partial,8,7.8,1.6,6.199999999999999
2010,KUG,45,Sparse,10,1.6,1.4,0.20000000000000018
2010,KUG,40,Full,8,22.6,5.1,17.5
2010,KUG,45,Partial,10,22.9,4.6,18.299999999999997
2010,KUG,45,Partial,10,16.8,4.4,12.4
2010,KUG,40,Sparse,8,2.4,1.5,0.8999999999999999
2010,KUG,45,Sparse,8,8.9,2.0,6.9
2010,KUG,40,Immature,NA,0.5,0.5,0.0
2010,KUG,46,Partial,14,67.4,14.3,53.10000000000001
2010,KUG,46,Partial,14,41.8,10.5,31.299999999999997
2010,KUG,46,Partial,12,28.1,5.4,22.700000000000003
2010,KUG,46,Sparse,10,19.4,3.7,15.7
2010,KUG,46,Partial,12,27.1,7.3,19.8
2010,KUG,47,Full,12,94.1,15.2,78.89999999999999
2010,KUG,46,Sparse,10,12.5,3.4,9.1
2010,KUG,47,Partial,12,39.7,8.6,31.1
2010,KUG,47,Full,14,31.3,7.5,23.8
2010,KUG,47,Full,8,11.7,2.2,9.5
2010,KUG,49,Partial,14,80.7,11.8,68.9
2010,KUG,25,Sparse,12,5.4,2.5,2.9000000000000004
2010,KUG,49,Full,12,89.6,15.9,73.69999999999999
2010,KUG,50,Partial,16,112.1,19.4,92.69999999999999
2010,KUG,50,Partial,10,32.1,5.3,26.8
2010,KUG,50,Partial,12,19.7,5.3,14.399999999999999
2010,KUG,50,Partial,6,13.0,2.2,10.8
2010,KUG,51,Partial,9,19.4,2.6,16.799999999999997
2010,KUG,52,Partial,12,39.2,8.3,30.900000000000002
2010,KUG,52,Partial,11,28.7,4.6,24.1
2010,KUG,49,Sparse,10,17.1,5.1,12.000000000000002
2010,KUG,52,Partial,8,14.1,2.8,11.3
2010,KUG,52,Partial,9,5.5,1.2,4.3
2010,KUG,49,Immature,NA,0.6,0.6,0.0
2010,KUG,52,Partial,7,6.4,1.6,4.800000000000001
2010,KUG,52,Immature,NA,1.3,1.3,0.0
2010,KUG,53,Partial,12,53.3,12.5,40.8
2010,KUG,53,Full,12,45.7,13.3,32.400000000000006
2010,KUG,54,Full,11,138.9,32.1,106.80000000000001
2010,KUG,53,Partial,12,19.1,6.0,13.100000000000001
2010,KUG,53,Immature,NA,0.5,0.5,0.0
2010,KUG,53,Immature,NA,0.1,0.1,0.0
2010,KUG,54,Full,9,49.9,7.3,42.6
2010,KUG,53,,NA,0.1,0.1,0.0
2010,KUG,53,Partial,12,40.2,15.3,24.900000000000002
2010,KUG,53,Sparse,NA,7.4,5.9,1.5
2010,KUG,54,Sparse,4,7.1,2.6,4.5
2010,KUG,54,Immature,NA,0.5,0.5,0.0
2010,KUG,54,,NA,0.9,0.9,0.0
2010,KUG,53,Sparse,8,1.3,0.2,1.1
2010,KUG,55,Full,14,78.7,15.7,63.0
2010,KUG,56,Partial,10,58.1,12.0,46.1
2010,KUG,47,Partial,14,95.6,21.4,74.19999999999999
2010,KUG,55,Partial,14,45.9,11.2,34.7
2010,KUG,56,Full,12,51.9,9.3,42.599999999999994
2010,KUG,57,Full,12,94.9,18.5,76.4
2010,KUG,57,Partial,16,57.6,10.2,47.400000000000006
2010,KUG,56,Full,12,35.5,7.3,28.2
2010,KUG,57,Partial,13,24.1,5.8,18.3
2010,KUG,56,Full,12,51.0,7.5,43.5
2010,KUG,57,Partial,9,30.1,5.4,24.700000000000003
2010,KUG,57,Full,13,17.7,2.5,15.2
2010,KUG,56,Sparse,12,6.0,2.4,3.6
2010,KUG,58,Full,14,80.5,11.0,69.5
2010,KUG,60,Partial,12,69.7,11.5,58.2
2010,KUG,60,Full,12,45.4,10.5,34.9
2010,KUG,60,Partial,12,30.2,7.8,22.4
2010,KUG,60,Partial,12,29.7,6.3,23.4
2010,KUG,60,Partial,7,21.7,5.4,16.299999999999997
2010,KUG,58,Partial,12,26.6,6.4,20.200000000000003
2010,KUG,58,Sparse,12,21.9,5.4,16.5
2010,KUG,58,Immature,NA,0.5,0.5,0.0
2010,KUG,60,Partial,8,14.0,3.3,10.7
2010,KUG,61,Full,16,140.5,31.0,109.5
2010,KUG,62,Partial,12,49.6,11.3,38.3
2010,KUG,61,Partial,14,72.0,11.9,60.1
2010,KUG,62,Full,12,35.4,7.9,27.5
2010,KUG,61,Full,14,60.2,10.5,49.7
2010,KUG,62,Partial,10,57.0,9.2,47.8
2010,KUG,62,Partial,8,31.0,5.7,25.3
2010,KUG,62,Sparse,4,6.7,2.2,4.5
2010,KUG,61,Partial,12,69.1,12.9,56.199999999999996
2010,PLC,27,Full,10,21.8,3.9,17.900000000000002
2010,PLC,33,Full,12,59.6,11.1,48.5
2010,PLC,32,Full,14,92.5,17.4,75.1
2010,PLC,33,Partial,9,15.1,4.8,10.3
2010,PLC,32,Full,14,90.8,19.1,71.69999999999999
2010,PLC,34,Full,14,62.9,11.3,51.599999999999994
2010,PLC,32,Sparse,14,18.7,9.7,9.0
2010,PLC,34,Full,14,41.6,8.3,33.3
2010,PLC,34,Partial,12,23.6,4.4,19.200000000000003
2010,PLC,32,Sparse,12,20.6,13.3,7.300000000000001
2010,PLC,34,Partial,14,19.8,5.1,14.700000000000001
2010,PLC,32,Sparse,10,17.0,8.1,8.9
2010,PLC,34,Full,14,21.8,5.0,16.8
2010,PLC,34,Full,12,21.1,4.5,16.6
2010,PLC,35,Full,11,18.8,4.0,14.8
2010,PLC,35,Full,12,17.9,3.0,14.899999999999999
2010,PLC,35,Full,14,30.2,7.8,22.4
2010,PLC,35,Full,11,17.8,1.7,16.1
2010,PLC,35,Full,12,16.6,3.8,12.8
2010,PLC,35,Sparse,3,1.9,1.5,0.3999999999999999
2010,PLC,36,Full,12,73.6,15.7,57.89999999999999
2010,PLC,37,Full,16,92.5,18.9,73.6
2010,PLC,36,Full,12,61.8,15.5,46.3
2010,PLC,37,Partial,10,62.9,21.8,41.099999999999994
2010,PLC,36,Full,12,42.5,10.6,31.9
2010,PLC,36,Partial,12,11.4,2.1,9.3
2010,PLC,37,Full,12,69.4,13.2,56.2
2010,CDG,1,Full,12,77.0,21.7,55.3
2010,PLC,37,Partial,14,46.3,9.0,37.3
2010,PLC,36,Sparse,NA,5.5,3.5,2.0
2010,PLC,38,Full,12,34.5,8.2,26.3
2010,PLC,38,Partial,12,26.6,7.5,19.1
2010,PLC,38,Full,12,108.8,23.7,85.1
2010,PLC,38,Full,14,68.8,14.9,53.9
2010,PLC,38,Partial,14,44.3,13.9,30.4
2010,CDG,3,Full,12,88.6,15.7,72.89999999999999
2010,CDG,3,Full,12,97.0,22.1,74.9
2010,CDG,3,Full,12,99.4,22.0,77.4
2010,CDG,3,Full,10,62.7,11.6,51.1
2010,CDG,3,Partial,14,69.2,14.5,54.7
2010,CDG,3,Full,12,76.3,10.8,65.5
2010,CDG,3,Partial,12,55.1,9.1,46.0
2010,CDG,3,Partial,12,27.8,7.0,20.8
2010,CDG,3,Full,10,11.9,2.7,9.2
2010,CDG,3,Immature,NA,4.7,4.7,0.0
2010,CDG,3,Immature,NA,2.2,2.2,0.0
2010,CDG,4,Full,12,93.1,16.2,76.89999999999999
2010,CDG,4,Full,14,141.0,21.0,120.0
2010,CDG,1,Partial,12,35.1,7.6,27.5
2010,CDG,4,Full,14,125.7,22.7,103.0
2010,CDG,4,Full,12,103.1,18.0,85.1
2010,CDG,4,Full,14,100.5,21.7,78.8
2010,CDG,4,Full,14,122.3,22.6,99.69999999999999
2010,CDG,4,Full,12,80.7,14.0,66.7
2010,CDG,4,Full,12,107.9,19.0,88.9
2010,CDG,4,Partial,14,73.0,14.0,59.0
2010,CDG,4,Partial,13,63.6,10.9,52.7
2010,CDG,4,Partial,12,43.3,11.3,31.999999999999996
2010,CDG,4,Sparse,10,9.2,3.6,5.6
2010,CDG,4,Sparse,2,3.9,2.7,1.1999999999999997
2010,CDG,5,Full,12,103.3,18.9,84.4
2010,CDG,5,Full,14,122.9,28.8,94.10000000000001
2010,CDG,5,Full,16,132.6,34.0,98.6
2010,CDG,5,Partial,14,81.9,21.7,60.2
2010,CDG,5,Full,12,91.3,25.2,66.1
2010,CDG,6,Full,12,113.8,26.8,87.0
2010,CDG,6,Full,16,133.3,37.1,96.20000000000002
2010,CDG,6,Full,12,96.2,20.0,76.2
2010,CDG,6,Full,10,80.0,17.0,63.0
2010,CDG,6,Full,14,56.8,18.6,38.199999999999996
2010,CDG,6,Full,14,95.5,21.4,74.1
2010,CDG,6,Full,14,85.1,12.2,72.89999999999999
2010,CDG,6,Full,10,63.5,17.3,46.2
2010,CDG,6,Partial,12,34.2,8.8,25.400000000000002
2010,PLC,30,Full,16,72.1,12.3,59.8
2010,CDG,6,Sparse,10,12.1,5.4,6.699999999999999
2010,CDG,6,Sparse,10,15.3,5.5,9.8
2010,CDG,6,Sparse,10,5.6,4.2,1.3999999999999995
2010,CDG,7,Full,12,136.9,28.7,108.2
2010,CDG,7,Full,12,97.3,24.3,73.0
2010,CDG,7,Full,10,88.6,17.0,71.6
2010,CDG,7,Full,12,91.9,28.6,63.300000000000004
2010,CDG,7,Full,10,102.8,21.3,81.5
2010,CDG,7,Partial,12,46.0,10.8,35.2
2010,CDG,7,Full,12,48.9,8.6,40.3
2010,CDG,7,Full,10,64.5,17.2,47.3
2010,CDG,7,Sparse,12,13.7,9.1,4.6
2010,CDG,7,Immature,NA,1.0,1.0,0.0
2010,CDG,8,Full,12,157.2,31.1,126.1
2010,CDG,8,Full,10,114.2,23.0,91.2
2010,CDG,8,Full,14,153.6,31.5,122.1
2010,CDG,8,Full,10,89.9,15.8,74.10000000000001
2010,CDG,8,Full,14,100.1,18.5,81.6
2010,CDG,8,Full,12,88.5,18.1,70.4
2010,CDG,8,Full,12,107.7,21.4,86.30000000000001
2010,CDG,8,Full,10,72.1,12.3,59.8
2010,CDG,8,Full,10,83.3,15.4,67.89999999999999
2010,CDG,8,Full,12,68.9,11.8,57.10000000000001
2010,CDG,8,Partial,14,44.2,11.7,32.5
2010,CDG,9,Full,14,141.1,26.5,114.6
2010,POG,10,Partial,12,21.1,5.9,15.200000000000001
2010,POG,30,Partial,12,39.2,11.5,27.700000000000003
2010,POG,30,Partial,12,29.2,7.6,21.6
2010,POG,28,Partial,10,25.5,9.5,16.0
2010,POG,30,Sparse,12,19.0,6.2,12.8
2010,POG,30,Partial,12,27.9,9.6,18.299999999999997
2010,POG,28,Partial,12,23.6,6.3,17.3
2010,POG,27,Full,10,17.2,3.8,13.399999999999999
2010,POG,30,Partial,12,30.1,7.8,22.3
2010,POG,28,Sparse,12,22.9,13.9,8.999999999999998
2010,POG,30,Sparse,10,10.0,3.1,6.9
2010,POG,27,Full,14,66.0,16.2,49.8
2010,POG,28,Immature,NA,2.2,2.2,0.0
2010,POG,27,Full,12,89.1,15.9,73.19999999999999
2010,KUG,3,Partial,10,11.1,2.3,8.8
2010,KUG,3,Immature,NA,0.2,0.2,0.0
2010,KUG,4,Partial,8,23.7,4.8,18.9
2010,KUG,4,Sparse,10,55.8,0.9,54.9
2010,KUG,5,Partial,10,20.1,2.2,17.900000000000002
2010,KUG,5,Partial,14,16.4,2.8,13.599999999999998
2010,KUG,5,Sparse,8,13.0,3.1,9.9
2010,KUG,5,Sparse,8,7.5,1.3,6.2
2010,KUG,6,Full,12,116.0,24.4,91.6
2010,KUG,6,Sparse,6,2.3,1.6,0.6999999999999997
2010,KUG,7,Full,14,73.3,16.0,57.3
2010,KUG,7,Partial,6,16.0,5.3,10.7
2010,KUG,8,Partial,10,16.4,6.2,10.2
2010,KUG,8,Immature,NA,0.7,0.7,0.0
2010,POG,21,Sparse,10,14.9,5.3,9.600000000000001
2010,KUG,9,Sparse,8,1.7,1.2,0.5
2010,KUG,9,Immature,NA,0.7,0.7,0.0
2010,KUG,10,Full,14,29.6,4.0,25.6
2010,KUG,10,Sparse,10,21.8,5.1,16.700000000000003
2010,KUG,10,Partial,14,19.6,4.3,15.3
2010,KUG,10,Partial,10,16.2,2.7,13.5
2010,KUG,11,Full,14,108.1,38.6,69.5
2010,KUG,12,Full,10,88.0,21.0,67.0
2010,KUG,12,Full,10,65.9,15.3,50.60000000000001
2010,KUG,12,Partial,10,39.5,11.6,27.9
2010,KUG,13,Full,12,72.0,12.1,59.9
2010,KUG,13,Partial,14,41.4,9.7,31.7
2010,KUG,14,Partial,12,48.8,8.8,40.0
2010,KUG,14,Full,10,79.0,15.6,63.4
2010,KUG,14,Sparse,10,9.9,4.8,5.1000000000000005
2010,KUG,61,Partial,10,11.7,1.8,9.899999999999999
2010,KUG,62,Partial,7,5.5,1.4,4.1
2010,KUG,61,Sparse,12,2.8,2.4,0.3999999999999999
2010,KUG,63,Partial,12,53.8,8.7,45.099999999999994
2010,KUG,63,Immature,NA,0.6,0.6,0.0
2010,KUG,63,Full,10,127.6,26.6,101.0
2010,KUG,64,Full,10,67.6,17.7,49.89999999999999
2010,KUG,65,Partial,12,21.4,5.4,15.999999999999998
2010,KUG,64,Full,8,46.2,9.2,37.0
2010,KUG,64,Full,8,19.2,3.4,15.799999999999999
2010,KUG,65,Full,8,14.5,2.6,11.9
2010,KUG,64,Sparse,4,5.6,3.4,2.1999999999999997
2010,KUG,65,Sparse,10,12.8,2.4,10.4
2010,KUG,64,Sparse,2,2.8,2.4,0.3999999999999999
2010,KUG,65,Sparse,10,11.6,3.8,7.8
2010,KUG,65,Full,12,11.6,1.7,9.9
2010,POG,24,Full,12,45.2,9.8,35.400000000000006
2010,KUG,66,Full,12,39.0,7.3,31.7
2010,KUG,66,Partial,10,28.6,6.0,22.6
2010,KUG,66,Partial,10,21.4,6.8,14.599999999999998
2010,KUG,65,Immature,NA,0.6,0.6,0.0
2010,KUG,66,Partial,8,9.5,1.4,8.1
2010,KUG,67,Full,10,57.3,10.4,46.9
2010,KUG,66,Sparse,4,4.0,2.9,1.1
2010,KUG,67,Partial,10,32.2,6.8,25.400000000000002
2010,KUG,67,Sparse,8,5.8,2.8,3.0
2010,KUG,68,Partial,10,11.9,2.5,9.4
2010,KUG,68,Partial,8,14.7,2.6,12.1
2010,KUG,69,Immature,NA,1.4,1.4,0.0
2010,KUG,69,Immature,NA,0.4,0.4,0.0
2010,KUG,70,Partial,10,16.6,2.6,14.000000000000002
2010,KUG,71,Partial,12,25.9,4.6,21.299999999999997
2010,KUG,71,Full,12,19.4,3.4,15.999999999999998
2010,KUG,72,Partial,10,23.7,6.2,17.5
2010,KUG,72,Sparse,10,5.6,3.1,2.4999999999999996
2010,KUG,73,Full,14,81.1,13.2,67.89999999999999
2010,KUG,73,Immature,NA,2.4,2.4,0.0
2010,KUG,74,Full,14,64.3,16.0,48.3
2010,KUG,74,Partial,12,56.2,11.1,45.1
2010,KUG,75,Partial,10,13.5,1.3,12.2
2010,KUG,75,Partial,12,16.7,4.5,12.2
2010,POG,27,Full,10,25.4,5.6,19.799999999999997
2010,PLC,28,Full,12,153.0,39.5,113.5
2010,CDG,9,Full,10,144.5,28.0,116.5
2010,CDG,9,Full,16,117.1,20.7,96.39999999999999
2010,CDG,9,Full,14,137.1,27.3,109.8
2010,CDG,9,Full,12,108.9,19.2,89.7
2010,CDG,9,Partial,12,33.0,8.4,24.6
2010,CDG,9,Sparse,14,12.9,3.4,9.5
2010,CDG,9,Immature,NA,1.1,1.1,0.0
2010,CDG,10,Full,14,142.8,31.7,111.10000000000001
2010,CDG,10,Full,12,134.0,20.9,113.1
2010,CDG,10,Full,12,94.4,15.0,79.4
2010,CDG,10,Full,14,98.6,19.3,79.3
2010,CDG,10,Full,12,122.2,22.6,99.6
2010,CDG,10,Full,12,134.3,27.2,107.10000000000001
2010,CDG,10,Immature,NA,0.8,0.8,0.0
2010,CDG,11,Full,14,125.0,27.8,97.2
2010,CDG,12,Immature,NA,3.4,3.4,0.0
2010,CDG,12,Immature,NA,1.5,1.5,0.0
2010,CDG,11,Full,12,100.8,17.5,83.3
2010,CDG,12,Partial,10,38.1,6.6,31.5
2010,CDG,12,Full,12,61.7,14.4,47.300000000000004
2010,CDG,11,Full,12,69.6,19.6,49.99999999999999
2010,CDG,11,Full,12,53.5,9.5,44.0
2010,PLC,8,Full,12,34.1,6.1,28.0
2010,CDG,11,Full,14,76.2,13.8,62.400000000000006
2010,CDG,11,Full,12,37.0,8.6,28.4
2010,CDG,13,Full,12,120.3,18.8,101.5
2010,CDG,13,Immature,NA,1.6,1.6,0.0
2010,CDG,13,Sparse,12,3.9,3.0,0.8999999999999999
2010,CDG,11,Full,12,92.6,14.9,77.69999999999999
2010,CDG,11,,10,28.8,8.4,20.4
2010,CDG,11,Partial,12,24.1,4.8,19.3
2010,CDG,13,Full,12,60.6,7.1,53.5
2010,CDG,11,Sparse,8,4.9,1.1,3.8000000000000003
2010,CDG,14,Full,12,154.9,34.4,120.5
2010,CDG,14,Full,14,148.6,32.9,115.69999999999999
2010,CDG,15,Full,12,135.1,33.7,101.39999999999999
2010,CDG,14,Full,14,143.2,32.8,110.39999999999999
2010,CDG,15,Full,12,134.3,23.2,111.10000000000001
2010,CDG,14,Full,8,64.5,14.6,49.9
2010,CDG,15,Full,14,153.3,27.8,125.50000000000001
2010,CDG,14,Full,12,73.0,12.2,60.8
2010,CDG,15,Sparse,NA,24.8,8.0,16.8
2010,CDG,1,Full,12,149.7,35.1,114.6
2010,CDG,15,Immature,NA,1.5,1.5,0.0
2010,CDG,14,Full,14,119.1,26.9,92.19999999999999
2010,CDG,14,Full,14,92.8,17.8,75.0
2010,CDG,14,Sparse,8,4.2,1.2,3.0
2010,CDG,15,Full,12,167.1,30.8,136.29999999999998
2010,CDG,17,Full,12,110.6,20.5,90.1
2010,CDG,16,Full,16,121.0,34.7,86.3
2010,CDG,17,Full,14,87.0,16.7,70.3
2010,CDG,16,Full,12,138.4,42.2,96.2
2010,CDG,17,Full,12,167.0,35.6,131.4
2010,CDG,16,Full,12,100.3,19.5,80.8
2010,CDG,17,Full,14,138.1,24.4,113.69999999999999
2010,CDG,16,Full,14,114.2,22.4,91.80000000000001
2010,CDG,17,Partial,6,33.7,8.4,25.300000000000004
2010,CDG,16,Full,12,74.5,15.0,59.5
2010,CDG,17,Full,12,93.4,16.4,77.0
2010,CDG,16,Partial,12,52.5,16.9,35.6
2010,CDG,17,Full,12,129.9,28.3,101.60000000000001
2010,CDG,16,Immature,NA,3.3,3.3,0.0
2010,CDG,17,Full,12,91.9,14.4,77.5
2010,CDG,17,Full,10,110.6,27.2,83.39999999999999
2010,CDG,18,Full,12,150.7,25.7,124.99999999999999
2010,CDG,18,Full,10,169.9,40.1,129.8
2010,CDG,19,Full,10,65.4,13.6,51.800000000000004
2010,CDG,18,Full,12,153.0,32.3,120.7
2010,CDG,1,Full,12,90.6,16.3,74.3
2010,CDG,19,Full,14,122.9,36.2,86.7
2010,CDG,18,Full,12,58.2,11.3,46.900000000000006
2010,CDG,19,Full,10,44.9,9.1,35.8
2010,CDG,18,Full,8,93.7,17.7,76.0
2010,CDG,19,Full,12,77.7,18.3,59.400000000000006
2010,CDG,18,Full,12,91.9,26.7,65.2
2010,CDG,18,Full,12,82.9,16.4,66.5
2010,CDG,19,Full,16,173.3,35.6,137.70000000000002
2010,CDG,18,Partial,12,58.9,13.6,45.3
2010,CDG,18,Immature,NA,2.3,2.3,0.0
2010,CDG,20,Full,12,121.9,21.2,100.7
2010,CDG,20,Full,12,122.8,24.3,98.5
2010,CDG,20,Full,14,120.1,17.1,103.0
2010,CDG,20,Full,14,156.9,32.5,124.4
2010,CDG,20,Full,14,133.4,29.4,104.0
2010,CDG,20,Full,14,167.5,34.7,132.8
2010,CDG,21,Full,12,108.1,19.0,89.1
2010,CDG,21,Full,12,130.0,34.4,95.6
2010,CDG,21,Full,14,128.5,20.1,108.4
2010,CDG,21,Full,12,118.3,19.8,98.5
2010,CDG,21,Full,12,98.2,19.2,79.0
2010,CDG,21,Sparse,10,26.5,16.1,10.399999999999999
2010,CDG,21,Immature,NA,3.1,3.1,0.0
2010,CDG,22,Full,14,104.0,19.2,84.8
2010,CDG,22,Full,14,67.8,12.6,55.199999999999996
2010,CDG,22,Full,12,35.2,13.0,22.200000000000003
2010,CDG,22,Full,10,56.4,11.0,45.4
2010,POG,20,Sparse,6,2.5,1.0,1.5
2010,POG,22,Full,12,69.2,14.9,54.300000000000004
2010,CDG,22,Partial,10,41.8,14.0,27.799999999999997
2010,CDG,22,Sparse,10,10.5,4.5,6.0
2010,POG,28,Full,14,45.2,10.1,35.1
2010,CDG,23,Full,14,148.8,31.5,117.30000000000001
2010,CDG,23,Full,12,69.1,11.3,57.8
2010,CDG,23,Full,14,136.3,23.0,113.30000000000001
2010,CDG,23,Partial,12,60.1,17.5,42.6
2010,CDG,23,Full,10,76.1,18.9,57.199999999999996
2010,CDG,23,Full,12,27.4,5.4,22.0
2010,CDG,23,Partial,12,29.7,8.9,20.799999999999997
2010,CDG,24,Full,12,131.8,25.4,106.4
2010,CDG,24,Full,12,147.6,31.3,116.3
2010,CDG,24,Full,12,94.4,27.2,67.2
2010,CDG,24,Partial,12,76.0,23.0,53.0
2010,CDG,24,Partial,12,51.6,16.5,35.1
2010,CDG,24,Full,10,31.5,5.0,26.5
2010,CDG,24,Partial,12,28.7,8.1,20.6
2010,CDG,24,Sparse,8,15.9,4.5,11.4
2010,CDG,25,Full,12,151.0,32.7,118.3
2010,CDG,25,Full,12,145.7,74.8,70.89999999999999
2010,CDG,25,Full,14,167.3,35.8,131.5
2010,CDG,25,Full,12,99.4,20.4,79.0
2010,CDG,25,Full,12,92.5,18.0,74.5
2010,CDG,25,Full,10,117.7,20.4,97.30000000000001
2010,CDG,25,Full,10,131.5,24.7,106.8
2010,CDG,25,Full,12,74.2,18.9,55.300000000000004
2010,CDG,26,Full,12,159.0,30.5,128.5
2010,POG,28,Full,12,84.9,18.2,66.7
2010,CDG,26,Full,12,164.3,48.2,116.10000000000001
2010,CDG,26,Full,12,98.7,13.6,85.10000000000001
2010,CDG,26,Partial,12,34.6,10.2,24.400000000000002
2010,CDG,26,Sparse,12,14.6,9.5,5.1
2010,CDG,26,Full,10,16.0,4.8,11.2
2011,CDG,2,Immature,NA,0.3,0.3,0.0
2011,CDG,7,Sparse,NA,6.2,5.5,0.7000000000000002
2011,CDG,7,Immature,NA,3.3,3.3,0.0
2011,CDG,7,Immature,NA,6.8,6.8,0.0
2011,CDG,8,Full,12,67.4,17.5,49.900000000000006
2011,CDG,8,Full,12,58.5,18.2,40.3
2011,CDG,8,Full,10,30.1,15.4,14.700000000000001
2011,CDG,8,Immature,NA,7.6,7.6,0.0
2011,CDG,8,Immature,NA,0.4,0.4,0.0
2011,CDG,8,Immature,NA,0.6,0.6,0.0
2011,CDG,9,Full,14,78.2,12.2,66.0
2011,CDG,9,Partial,14,69.2,14.3,54.900000000000006
2011,CDG,9,Partial,12,58.2,7.7,50.5
2011,CDG,9,Partial,12,32.5,10.4,22.1
2011,CDG,9,Partial,10,16.5,1.7,14.8
2011,CDG,9,Sparse,NA,5.4,4.2,1.2000000000000002
2011,CDG,9,Immature,NA,0.5,0.5,0.0
2011,CDG,9,Immature,NA,0.5,0.5,0.0
2011,CDG,10,Immature,NA,0.2,0.2,0.0
2011,CDG,11,Immature,NA,5.2,5.2,0.0
2011,CDG,11,Immature,NA,0.8,0.8,0.0
2010,POG,28,Full,16,52.4,9.5,42.9
2011,CDG,11,Immature,NA,0.3,0.3,0.0
2011,CDG,12,Full,12,98.7,15.6,83.10000000000001
2011,CDG,12,Full,12,101.4,19.2,82.2
2011,CDG,12,Sparse,14,39.0,12.5,26.5
2011,CDG,12,Sparse,NA,3.0,1.5,1.5
2011,CDG,12,Sparse,NA,6.9,4.4,2.5
2011,CDG,12,Immature,NA,0.4,0.4,0.0
2011,CDG,13,Full,12,86.1,17.1,69.0
2011,CDG,13,Full,12,72.5,12.7,59.8
2011,CDG,13,Full,10,45.9,7.9,38.0
2011,CDG,13,Full,10,34.3,7.4,26.9
2011,CDG,13,Sparse,NA,11.2,10.9,0.29999999999999893
2011,CDG,13,Sparse,NA,6.5,3.7,2.8
2011,CDG,13,Immature,NA,0.7,0.7,0.0
2011,CDG,14,Full,12,65.0,14.6,50.4
2011,CDG,14,Full,12,58.7,18.1,40.6
2011,CDG,14,Sparse,NA,8.2,6.0,2.1999999999999993
2011,CDG,14,Partial,10,4.3,1.9,2.4
2011,CDG,14,Immature,NA,3.8,3.8,0.0
2011,CDG,14,Partial,2,0.6,0.6,0.0
2011,CDG,16,Partial,10,24.1,6.8,17.3
2011,CDG,16,Immature,NA,0.1,0.1,0.0
2011,CDG,17,Sparse,NA,4.3,4.2,0.09999999999999964
2011,POG,15,Immature,NA,0.3,0.3,0.0
2011,POG,15,Immature,NA,0.4,0.4,0.0
2010,CDG,1,Full,12,27.5,4.4,23.1
2011,POG,15,Immature,NA,0.8,0.8,0.0
2011,POG,15,Immature,NA,0.4,0.4,0.0
2011,POG,16,Full,8,22.0,9.0,13.0
2011,POG,16,Sparse,10,8.7,4.9,3.799999999999999
2011,POG,16,Sparse,NA,11.2,10.3,0.8999999999999986
2011,POG,16,Sparse,NA,6.3,3.3,3.0
2011,POG,16,Immature,NA,0.4,0.4,0.0
2011,POG,17,Full,10,28.8,10.1,18.700000000000003
2011,POG,17,Partial,10,31.4,11.9,19.5
2011,POG,17,Sparse,10,13.6,8.9,4.699999999999999
2011,POG,17,Sparse,8,5.2,2.3,2.9000000000000004
2011,POG,17,Sparse,NA,2.1,0.8,1.3
2011,POG,17,Immature,NA,0.8,0.8,0.0
2011,POG,17,Immature,NA,0.5,0.5,0.0
2011,POG,18,Full,14,101.5,32.4,69.1
2011,POG,18,Full,12,100.5,23.7,76.8
2011,POG,18,Partial,12,85.0,30.5,54.5
2011,POG,18,Partial,12,43.9,13.5,30.4
2011,POG,18,Partial,12,51.9,16.5,35.4
2011,POG,18,Full,12,36.0,6.7,29.3
2011,POG,18,Partial,8,27.1,10.0,17.1
2011,POG,18,Sparse,NA,1.4,0.7,0.7
2011,POG,18,Immature,NA,3.2,3.2,0.0
2011,POG,20,Full,8,57.7,21.7,36.0
2011,POG,20,Immature,NA,0.8,0.8,0.0
2011,POG,20,Immature,NA,0.1,0.1,0.0
2011,POG,19,Full,14,168.3,40.5,127.80000000000001
2011,POG,19,Full,12,94.4,24.9,69.5
2011,POG,19,Full,14,57.6,13.8,43.8
2011,POG,19,Full,10,60.0,13.4,46.6
2011,POG,19,Sparse,10,16.5,7.2,9.3
2010,CDG,1,Partial,12,19.5,2.3,17.2
2011,POG,19,Sparse,8,6.5,2.0,4.5
2011,POG,19,Sparse,NA,15.3,9.6,5.700000000000001
2011,POG,19,Sparse,NA,3.7,3.3,0.40000000000000036
2011,POG,19,Immature,NA,0.6,0.6,0.0
2011,POG,19,Immature,NA,0.3,0.3,0.0
2011,POG,19,Immature,NA,0.3,0.3,0.0
2011,POG,21,Full,4,130.2,33.6,96.6
2011,POG,21,Full,10,42.1,14.8,27.3
2011,POG,21,Full,10,28.0,10.1,17.9
2011,POG,21,Partial,14,21.8,10.3,11.5
2011,POG,21,Sparse,10,14.2,6.9,7.299999999999999
2011,POG,21,Sparse,NA,3.1,2.6,0.5
2011,POG,21,Immature,NA,2.5,2.5,0.0
2011,POG,22,Full,10,35.9,9.2,26.7
2011,POG,22,Sparse,NA,13.6,6.3,7.3
2011,PLC,20,Full,8,16.7,2.3,14.399999999999999
2011,PLC,20,Immature,NA,1.2,1.2,0.0
2011,PLC,20,Immature,NA,0.9,0.9,0.0
2011,PLC,25,Sparse,NA,0.7,0.4,0.29999999999999993
2010,CDG,2,Full,12,83.5,12.9,70.6
2011,PLC,25,Immature,NA,0.8,0.8,0.0
2011,PLC,26,Immature,NA,1.2,1.2,0.0
2011,PLC,26,Immature,NA,1.1,1.1,0.0
2011,PLC,28,Sparse,NA,1.2,1.0,0.19999999999999996
2011,PLC,29,Immature,NA,1.0,1.0,0.0
2011,PLC,29,Immature,NA,1.1,1.1,0.0
2011,PLC,30,Immature,NA,0.6,0.6,0.0
2011,PLC,31,Sparse,NA,3.8,2.1,1.6999999999999997
2011,PLC,31,Sparse,NA,9.5,4.5,5.0
2011,PLC,33,Immature,NA,0.5,0.5,0.0
2010,CDG,2,Full,12,89.9,16.2,73.7
2011,KUG,2,Partial,NA,2.7,0.7,2.0
2011,KUG,2,Immature,NA,0.2,0.2,0.0
2011,KUG,3,Full,10,13.2,2.8,10.399999999999999
2011,KUG,4,Partial,10,16.1,4.6,11.500000000000002
2011,KUG,4,Partial,8,21.9,4.7,17.2
2011,KUG,4,Sparse,NA,13.1,8.4,4.699999999999999
2011,KUG,4,Immature,NA,0.2,0.2,0.0
2011,KUG,4,Immature,NA,0.1,0.1,0.0
2011,KUG,5,Full,10,4.3,1.1,3.1999999999999997
2011,KUG,5,Sparse,NA,7.5,3.7,3.8
2011,KUG,5,Immature,NA,2.3,2.3,0.0
2011,KUG,5,Immature,NA,0.8,0.8,0.0
2011,KUG,5,Immature,NA,0.5,0.5,0.0
2011,KUG,5,Sparse,NA,1.4,0.9,0.4999999999999999
2011,KUG,6,Immature,NA,1.1,1.1,0.0
2011,KUG,10,Sparse,NA,1.4,1.4,0.0
2011,KUG,11,Full,12,52.9,11.1,41.8
2011,KUG,11,Full,12,43.5,9.5,34.0
2011,KUG,11,Partial,10,40.2,9.7,30.500000000000004
2011,KUG,11,Partial,10,24.4,8.3,16.099999999999998
2011,KUG,11,Immature,NA,0.4,0.4,0.0
2011,KUG,12,Partial,12,22.3,4.7,17.6
2010,CDG,2,Full,10,66.0,15.7,50.3
2011,KUG,12,Partial,8,17.9,8.7,9.2
2011,KUG,12,Sparse,NA,14.4,5.2,9.2
2011,KUG,12,Sparse,NA,1.5,1.2,0.30000000000000004
2011,KUG,12,Immature,NA,3.5,3.5,0.0
2011,KUG,12,Immature,NA,0.7,0.7,0.0
2011,KUG,12,Immature,NA,0.4,0.4,0.0
2011,KUG,13,Sparse,8,6.5,4.1,2.4000000000000004
2011,KUG,13,Partial,10,9.3,3.3,6.000000000000001
2011,KUG,13,Sparse,10,9.3,5.2,4.1000000000000005
2011,KUG,13,Sparse,NA,1.1,0.6,0.5000000000000001
2011,KUG,13,Immature,NA,0.8,0.8,0.0
2011,KUG,14,Full,8,46.1,9.6,36.5
2011,KUG,14,Full,12,48.3,11.9,36.4
2011,KUG,14,Sparse,10,19.7,6.7,13.0
2011,KUG,14,Partial,10,13.8,5.2,8.600000000000001
2011,KUG,14,Immature,NA,3.7,3.7,0.0
2011,KUG,15,Full,12,16.8,4.3,12.5
2011,KUG,15,Sparse,NA,9.0,6.9,2.0999999999999996
2011,KUG,15,Sparse,NA,4.2,4.1,0.10000000000000053
2011,KUG,16,Full,6,6.7,1.0,5.7
2011,KUG,16,Immature,NA,0.9,0.9,0.0
2011,KUG,16,Immature,NA,0.4,0.4,0.0
2011,KUG,20,Immature,NA,2.1,2.1,0.0
2011,KUG,21,Sparse,NA,4.4,3.6,0.8000000000000003
2011,KUG,21,Immature,NA,1.9,1.9,0.0
2011,KUG,21,Sparse,NA,0.5,0.3,0.2
2011,KUG,21,Immature,NA,0.3,0.3,0.0
2011,KUG,21,Immature,NA,0.2,0.2,0.0
2010,PLC,10,Sparse,8,7.5,2.2,5.3
2011,KUG,22,Partial,12,31.0,6.5,24.5
2011,KUG,22,Full,12,34.7,6.4,28.300000000000004
2011,KUG,22,Sparse,NA,5.1,3.2,1.8999999999999995
2011,KUG,22,Immature,NA,1.8,1.8,0.0
2011,KUG,22,Immature,NA,1.6,1.6,0.0
2011,KUG,23,Partial,10,23.9,4.5,19.4
2011,KUG,23,Partial,10,14.2,5.8,8.399999999999999
2011,KUG,23,Sparse,NA,3.3,1.3,1.9999999999999998
2011,KUG,23,Immature,NA,0.1,0.1,0.0
2011,KUG,23,Immature,NA,0.6,0.6,0.0
2011,KUG,24,Immature,NA,0.8,0.8,0.0
2011,KUG,25,Sparse,NA,2.6,2.4,0.20000000000000018
2011,KUG,25,Immature,NA,2.1,2.1,0.0
2011,KUG,25,Immature,NA,1.1,1.1,0.0
2011,KUG,26,Full,10,13.0,2.3,10.7
2011,KUG,26,Sparse,NA,8.9,3.2,5.7
2011,KUG,26,Sparse,NA,3.4,3.3,0.10000000000000009
2011,KUG,26,Immature,NA,3.3,3.3,0.0
2011,KUG,27,Partial,12,26.7,5.9,20.799999999999997
2011,KUG,27,Sparse,NA,8.3,2.9,5.4
2011,KUG,27,Sparse,NA,7.3,6.0,1.2999999999999998
2011,KUG,27,Immature,NA,0.4,0.4,0.0
2011,KUG,27,Immature,NA,0.4,0.4,0.0
2011,KUG,28,Sparse,8,7.0,3.5,3.5
2011,KUG,28,Sparse,8,7.3,1.2,6.1
2011,KUG,28,Partial,8,4.3,0.8,3.5
2011,KUG,28,Sparse,NA,4.8,4.8,0.0
2011,KUG,28,Immature,NA,2.0,2.0,0.0
2011,KUG,28,Immature,NA,0.6,0.6,0.0
2011,KUG,28,Immature,NA,0.2,0.2,0.0
2010,PLC,30,Full,12,65.3,16.5,48.8
2011,KUG,31,Immature,NA,0.9,0.9,0.0
2011,KUG,31,Immature,NA,0.1,0.1,0.0
2011,KUG,31,Immature,NA,0.2,0.2,0.0
2011,KUG,31,Immature,NA,0.2,0.2,0.0
2011,KUG,32,Partial,8,7.7,1.9,5.800000000000001
2011,KUG,32,Sparse,NA,3.4,3.3,0.10000000000000009
2011,KUG,32,Immature,NA,0.5,0.5,0.0
2010,PLC,37,Full,14,100.5,15.7,84.8
2010,PLC,37,Partial,14,79.0,32.4,46.6
2010,PLC,38,Full,14,36.0,5.8,30.2
2012,KUG,3,Sparse,6,1.8,0.5,1.3
2012,KUG,3,Immature,10,0.8,0.8,0.0
2012,KUG,3,Immature,10,1.1,1.1,0.0
2012,KUG,3,Immature,NA,0.2,0.2,0.0
2012,KUG,11,Sparse,10,1.9,1.3,0.5999999999999999
2012,KUG,11,Sparse,10,3.1,2.3,0.8000000000000003
2012,KUG,11,Immature,NA,0.1,0.1,0.0
2012,KUG,13,Immature,NA,1.0,1.0,0.0
2012,KUG,13,Immature,NA,0.3,0.3,0.0
2012,KUG,16,Partial,10,3.3,1.1,2.1999999999999997
2012,KUG,16,Immature,NA,0.2,0.2,0.0
2012,KUG,16,Immature,NA,0.2,0.2,0.0
2012,KUG,17,Sparse,8,4.4,1.8,2.6000000000000005
2012,KUG,17,Immature,NA,0.2,0.2,0.0
2012,KUG,17,Immature,NA,0.2,0.2,0.0
2012,KUG,17,Immature,NA,0.1,0.1,0.0
2012,KUG,23,Sparse,8,1.9,0.6,1.2999999999999998
2012,KUG,23,Immature,NA,0.1,0.1,0.0
2010,CDG,5,Full,14,142.0,34.2,107.8
2012,KUG,23,Immature,NA,0.1,0.1,0.0
2012,KUG,23,Immature,NA,0.1,0.1,0.0
2012,KUG,24,Sparse,6,0.6,0.3,0.3
2012,KUG,24,Immature,NA,0.8,0.8,0.0
2012,KUG,24,Immature,NA,0.2,0.2,0.0
2012,KUG,24,Immature,NA,0.3,0.3,0.0
2012,KUG,24,Immature,NA,0.1,0.1,0.0
2013,CDG,1,Immature,NA,1.9,1.9,0.0
2013,CDG,1,Immature,NA,0.9,0.9,0.0
2013,CDG,1,Immature,NA,0.8,0.8,0.0
2013,CDG,1,Immature,NA,0.9,0.9,0.0
2013,CDG,1,Immature,NA,0.6,0.6,0.0
2013,CDG,2,Partial,12,66.4,13.9,52.50000000000001
2013,CDG,2,Full,12,88.9,27.9,61.00000000000001
2013,CDG,2,Full,12,57.3,15.1,42.199999999999996
2013,CDG,2,Full,11,45.5,7.7,37.8
2013,CDG,2,Partial,8,21.1,6.9,14.200000000000001
2013,CDG,2,Sparse,8,15.5,9.1,6.4
2013,CDG,2,Immature,NA,1.3,1.3,0.0
2013,CDG,2,Immature,NA,0.7,0.7,0.0
2013,CDG,2,Immature,NA,1.4,1.4,0.0
2013,CDG,3,Full,12,88.6,19.0,69.6
2013,CDG,3,Full,12,100.9,21.3,79.60000000000001
2013,CDG,3,Full,8,58.3,12.3,46.0
2010,CDG,12,Full,8,57.4,11.0,46.4
2013,CDG,3,Partial,10,43.7,20.8,22.900000000000002
2013,CDG,3,Full,10,61.5,13.0,48.5
2013,CDG,3,Sparse,10,10.3,3.6,6.700000000000001
2013,CDG,3,Sparse,12,16.8,15.2,1.6000000000000014
2013,CDG,4,Sparse,12,8.1,6.3,1.7999999999999998
2013,CDG,4,Immature,8,4.1,3.1,0.9999999999999996
2013,CDG,4,Immature,NA,4.2,4.2,0.0
2013,CDG,4,Immature,NA,3.4,3.4,0.0
2013,CDG,4,Immature,NA,1.6,1.6,0.0
2013,CDG,4,Immature,NA,0.3,0.3,0.0
2013,CDG,5,Full,12,34.5,8.8,25.7
2013,CDG,5,Full,10,23.2,7.7,15.5
2013,CDG,5,Partial,10,11.8,6.8,5.000000000000001
2013,CDG,5,Immature,NA,2.1,2.1,0.0
2013,CDG,5,Immature,NA,1.3,1.3,0.0
2013,CDG,5,Immature,NA,1.6,1.6,0.0
2013,CDG,5,Sparse,6,1.3,1.2,0.10000000000000009
2013,CDG,5,Immature,NA,0.6,0.6,0.0
2013,CDG,5,Immature,NA,0.1,0.1,0.0
2013,CDG,6,Partial,12,33.7,14.3,19.400000000000002
2013,CDG,6,Full,12,30.1,12.2,17.900000000000002
2013,CDG,6,Partial,10,11.0,6.7,4.3
2013,CDG,7,Full,12,53.1,28.0,25.1
2013,CDG,7,Full,12,23.6,7.5,16.1
2013,CDG,7,Full,10,17.7,8.2,9.5
2013,CDG,7,Full,12,13.3,6.0,7.300000000000001
2013,CDG,7,Immature,NA,0.9,0.9,0.0
2010,CDG,12,Full,12,101.9,15.9,86.0
2013,CDG,7,Immature,NA,0.4,0.4,0.0
2013,CDG,7,Immature,NA,0.3,0.3,0.0
2013,CDG,8,Full,12,82.4,14.6,67.80000000000001
2013,CDG,8,Full,10,54.0,10.6,43.4
2013,CDG,8,Full,10,40.5,17.6,22.9
2013,CDG,8,Full,10,35.0,5.6,29.4
2013,CDG,8,Sparse,8,8.8,7.5,1.3000000000000007
2013,CDG,8,Immature,NA,6.7,6.6,0.10000000000000053
2013,CDG,8,Sparse,10,9.1,7.8,1.2999999999999998
2013,CDG,8,Immature,NA,1.1,1.1,0.0
2013,CDG,9,Full,14,63.1,23.2,39.900000000000006
2013,CDG,9,Full,10,31.5,10.7,20.8
2013,CDG,9,Partial,8,25.0,12.5,12.5
2013,CDG,9,Immature,NA,2.3,2.3,0.0
2013,CDG,9,Immature,NA,0.1,0.1,0.0
2013,CDG,9,Full,14,26.6,13.3,13.3
2013,CDG,9,Partial,12,20.5,9.7,10.8
2013,CDG,12,Full,12,75.0,20.0,55.0
2013,CDG,10,Full,12,85.6,19.0,66.6
2013,CDG,12,Full,12,74.0,23.0,51.0
2013,CDG,10,Full,10,72.7,24.4,48.300000000000004
2013,CDG,12,Full,10,18.0,5.0,13.0
2013,CDG,10,Full,10,28.5,7.4,21.1
2013,CDG,12,Full,12,25.0,7.0,18.0
2013,CDG,10,Partial,12,23.6,7.4,16.200000000000003
2013,CDG,10,Immature,NA,1.2,1.2,0.0
2013,CDG,12,Full,10,16.0,5.0,11.0
2010,CDG,12,Partial,10,41.0,8.3,32.7
2013,CDG,12,Sparse,10,6.7,6.6,0.10000000000000053
2013,CDG,11,Full,12,99.4,21.7,77.7
2013,CDG,11,Full,10,34.0,9.8,24.2
2013,CDG,11,Full,10,55.6,12.8,42.8
2013,CDG,11,Full,8,12.4,0.8,11.6
2013,CDG,11,Sparse,10,10.9,9.0,1.9000000000000004
2013,CDG,11,Immature,NA,11.4,11.4,0.0
2013,CDG,11,Immature,NA,0.9,0.9,0.0
2013,CDG,11,Immature,NA,0.5,0.5,0.0
2013,CDG,11,Immature,8,0.8,0.8,0.0
2013,CDG,11,Immature,NA,0.4,0.4,0.0
2013,CDG,13,Full,12,74.0,15.6,58.4
2013,CDG,13,Full,12,60.9,16.8,44.099999999999994
2013,CDG,13,Full,12,81.3,12.9,68.39999999999999
2013,CDG,13,Full,10,100.3,20.4,79.9
2013,CDG,13,Full,8,26.4,6.6,19.799999999999997
2013,CDG,13,Partial,10,47.0,15.9,31.1
2013,CDG,14,Partial,12,55.7,21.7,34.0
2013,CDG,14,Full,12,33.6,9.2,24.400000000000002
2013,CDG,14,Full,12,23.1,7.7,15.400000000000002
2013,CDG,14,Sparse,NA,2.0,1.9,0.10000000000000009
2013,CDG,15,Full,14,68.7,27.9,40.800000000000004
2013,CDG,15,Full,12,23.6,7.1,16.5
2013,CDG,15,Full,10,13.5,3.5,10.0
2013,CDG,15,Sparse,10,6.1,5.7,0.39999999999999947
2013,CDG,15,Immature,NA,0.4,0.4,0.0
2010,CDG,13,Sparse,12,38.3,21.9,16.4
2013,CDG,17,Full,12,88.7,23.8,64.9
2013,CDG,17,Full,8,81.1,16.2,64.89999999999999
2013,CDG,17,Full,12,113.0,24.6,88.4
2013,CDG,17,Full,12,83.1,12.0,71.1
2013,CDG,17,Full,8,57.1,10.1,47.0
2013,CDG,17,Full,10,73.7,15.5,58.2
2013,CDG,17,Partial,10,10.0,3.0,7.0
2013,CDG,19,Partial,8,30.2,12.6,17.6
2013,CDG,19,Partial,8,8.2,3.6,4.6
2013,CDG,20,Immature,NA,2.3,2.3,0.0
2013,CDG,21,Full,12,129.6,20.1,109.5
2013,CDG,21,Full,12,76.5,11.1,65.4
2013,CDG,21,Full,10,41.7,7.5,34.2
2013,CDG,21,Full,10,42.2,10.5,31.700000000000003
2013,CDG,21,Full,8,30.6,11.9,18.700000000000003
2013,CDG,21,Partial,12,35.4,8.5,26.9
2013,CDG,22,Sparse,10,4.7,4.4,0.2999999999999998
2013,CDG,22,Immature,NA,2.7,2.7,0.0
2013,CDG,22,Immature,NA,2.4,2.4,0.0
2013,CDG,22,Immature,NA,0.4,0.4,0.0
2013,CDG,22,Immature,NA,0.8,0.8,0.0
2013,CDG,22,Immature,NA,0.3,0.3,0.0
2013,CDG,22,Immature,NA,0.3,0.3,0.0
2011,POG,19,Full,12,84.3,26.5,57.8
2013,CDG,25,Full,12,26.1,14.0,12.100000000000001
2013,CDG,25,Full,10,11.7,7.2,4.499999999999999
2013,CDG,25,Immature,NA,5.2,5.2,0.0
2013,CDG,25,Immature,NA,2.6,2.6,0.0
2013,CDG,25,Immature,NA,0.4,0.4,0.0
2013,CDG,25,Immature,NA,0.3,0.3,0.0
2013,CDG,27,Immature,NA,2.1,2.1,0.0
2013,CDG,27,Immature,NA,1.0,1.0,0.0
2013,CDG,27,Immature,NA,0.6,0.6,0.0
2013,CDG,27,Immature,NA,0.4,0.4,0.0
2013,PLC,7,Immature,NA,0.7,0.7,0.0
2013,PLC,7,Immature,NA,0.1,0.1,0.0
2013,PLC,8,Immature,NA,0.2,0.2,0.0
2013,PLC,9,Immature,NA,0.2,0.2,0.0
2013,PLC,9,Immature,NA,0.2,0.2,0.0
2013,PLC,12,Immature,NA,0.2,0.2,0.0
2013,PLC,14,Sparse,8,5.7,4.1,1.6000000000000005
2013,PLC,14,Sparse,10,3.2,1.9,1.3000000000000003
2010,CDG,13,Full,14,99.9,20.3,79.60000000000001
2013,PLC,14,Immature,NA,2.5,2.5,0.0
2013,PLC,14,Sparse,NA,2.1,1.1,1.0
2013,PLC,14,Immature,NA,1.6,1.6,0.0
2013,PLC,15,Partial,10,8.9,4.5,4.4
2013,PLC,15,Immature,NA,3.0,3.0,0.0
2013,PLC,15,Sparse,NA,3.6,3.0,0.6000000000000001
2013,PLC,15,Immature,NA,0.3,0.3,0.0
2013,PLC,15,Immature,NA,1.4,1.4,0.0
2013,PLC,15,Immature,NA,0.5,0.5,0.0
2013,PLC,16,Immature,NA,2.7,2.7,0.0
2013,PLC,16,Immature,NA,2.9,2.9,0.0
2013,PLC,17,Immature,NA,3.0,3.0,0.0
2013,PLC,17,Immature,NA,1.1,1.1,0.0
2013,PLC,17,Immature,NA,0.6,0.6,0.0
2013,PLC,17,Immature,NA,0.8,0.8,0.0
2013,PLC,17,Immature,NA,0.4,0.4,0.0
2013,PLC,17,Immature,NA,0.8,0.8,0.0
2013,PLC,17,Immature,NA,0.3,0.3,0.0
2013,PLC,17,Immature,NA,0.1,0.1,0.0
2013,PLC,17,Immature,NA,0.3,0.3,0.0
2013,PLC,18,Partial,10,19.2,5.6,13.6
2013,PLC,18,Partial,8,14.7,6.3,8.399999999999999
2013,PLC,18,Immature,NA,0.5,0.5,0.0
2013,PLC,18,Immature,NA,0.1,0.1,0.0
2013,PLC,20,Immature,NA,0.7,0.7,0.0
2013,PLC,21,Partial,10,14.4,6.7,7.7
2013,PLC,21,Immature,NA,4.4,4.4,0.0
2013,PLC,21,Immature,NA,3.4,3.4,0.0
2013,PLC,21,Immature,NA,0.3,0.3,0.0
2010,CDG,13,Sparse,8,13.1,3.8,9.3
2013,PLC,23,Sparse,8,7.9,7.3,0.6000000000000005
2013,PLC,23,Immature,NA,1.4,1.4,0.0
2013,PLC,23,Immature,NA,0.4,0.4,0.0
2013,PLC,25,Partial,8,8.8,3.8,5.000000000000001
2013,PLC,25,Sparse,10,6.5,4.1,2.4000000000000004
2013,PLC,25,Sparse,10,2.7,2.0,0.7000000000000002
2013,PLC,25,Partial,8,4.2,2.3,1.9000000000000004
2013,PLC,25,Sparse,10,5.7,4.1,1.6000000000000005
2013,PLC,25,Sparse,NA,1.4,1.1,0.2999999999999998
2013,PLC,25,Immature,NA,0.2,0.2,0.0
2013,PLC,26,Sparse,8,5.7,4.5,1.2000000000000002
2013,PLC,26,Immature,NA,1.8,1.8,0.0
2013,PLC,26,Immature,NA,1.1,1.1,0.0
2013,PLC,26,Immature,NA,0.5,0.5,0.0
2013,PLC,26,Immature,NA,0.2,0.2,0.0
2013,PLC,26,Immature,NA,0.1,0.1,0.0
2013,PLC,28,Partial,12,10.9,6.9,4.0
2013,PLC,28,Sparse,8,5.4,3.5,1.9000000000000004
2013,PLC,28,Immature,NA,2.3,2.3,0.0
2013,PLC,28,Immature,NA,1.5,1.5,0.0
2013,PLC,29,Immature,NA,0.7,0.7,0.0
2013,PLC,29,Immature,NA,0.9,0.9,0.0
2013,PLC,31,Partial,10,8.5,4.9,3.5999999999999996
2010,CDG,13,Full,12,175.6,39.9,135.7
2013,PLC,31,Sparse,8,5.0,4.0,1.0
2013,PLC,31,Sparse,12,7.0,4.6,2.4000000000000004
2013,PLC,31,Sparse,10,4.4,3.5,0.9000000000000004
2013,PLC,31,Immature,NA,2.5,2.5,0.0
2013,PLC,31,Immature,NA,1.6,1.6,0.0
2013,PLC,31,Immature,NA,0.4,0.4,0.0
2013,PLC,31,Immature,NA,0.2,0.2,0.0
2013,PLC,32,Full,8,11.2,7.1,4.1
2013,PLC,32,Immature,NA,1.8,1.8,0.0
2013,PLC,32,Sparse,8,2.9,2.3,0.6000000000000001
2013,PLC,32,Immature,NA,1.7,1.7,0.0
2013,PLC,32,Immature,NA,0.9,0.9,0.0
2013,PLC,32,Immature,NA,0.1,0.1,0.0
2013,PLC,32,Immature,NA,0.1,0.1,0.0
2013,PLC,33,Full,12,19.7,15.6,4.1
2013,PLC,33,Partial,8,2.5,0.5,2.0
2013,PLC,33,Partial,8,2.0,1.8,0.19999999999999996
2013,PLC,33,Sparse,8,1.5,1.4,0.10000000000000009
2013,POG,3,Partial,10,11.5,8.9,2.5999999999999996
2013,POG,3,Full,8,5.5,2.2,3.3
2013,POG,3,Sparse,NA,6.6,5.9,0.6999999999999993
2013,POG,3,Sparse,12,7.7,7.2,0.5
2013,POG,3,Sparse,NA,2.5,2.4,0.10000000000000009
2013,POG,3,Immature,NA,0.8,0.8,0.0
2013,POG,3,Immature,NA,0.3,0.3,0.0
2013,POG,4,Immature,NA,2.4,2.4,0.0
2010,CDG,13,Full,14,100.4,10.9,89.5
2013,POG,4,Immature,NA,1.4,1.4,0.0
2013,POG,4,Immature,NA,0.3,0.3,0.0
2013,POG,4,Immature,NA,0.2,0.2,0.0
2013,POG,5,Immature,NA,4.5,4.5,0.0
2013,POG,5,Immature,NA,2.3,2.3,0.0
2013,POG,5,Immature,NA,2.7,2.7,0.0
2013,POG,5,Immature,NA,0.1,0.1,0.0
2013,POG,6,Partial,10,9.0,6.4,2.5999999999999996
2013,POG,6,Sparse,10,5.5,5.0,0.5
2013,POG,6,Immature,NA,2.3,2.3,0.0
2013,POG,6,Immature,NA,1.8,1.8,0.0
2013,POG,6,Immature,NA,1.2,1.2,0.0
2013,POG,6,Immature,NA,0.3,0.3,0.0
2013,POG,11,Immature,NA,0.8,0.8,0.0
2013,POG,13,Partial,10,13.1,11.4,1.6999999999999993
2013,POG,13,Sparse,NA,4.3,3.8,0.5
2013,POG,13,Immature,NA,0.1,0.1,0.0
2013,POG,13,Immature,NA,0.1,0.1,0.0
2010,CDG,15,Full,14,121.5,24.8,96.7
2013,POG,24,Immature,NA,2.8,2.8,0.0
2013,POG,24,Immature,NA,0.9,0.9,0.0
2013,POG,24,Immature,NA,0.1,0.1,0.0
2013,POG,25,Immature,NA,0.6,0.6,0.0
2013,POG,25,Immature,NA,0.5,0.5,0.0
2013,KUG,3,Immature,NA,0.9,0.9,0.0
2010,CDG,15,Full,16,121.3,17.7,103.6
2013,KUG,4,Partial,10,16.2,3.6,12.6
2013,KUG,4,Partial,10,18.8,4.2,14.600000000000001
2013,KUG,4,Partial,10,17.8,4.3,13.5
2013,KUG,4,Partial,10,13.4,7.4,6.0
2013,KUG,4,Partial,12,10.3,2.3,8.0
2013,KUG,4,Sparse,8,4.4,2.6,1.8000000000000003
2013,KUG,5,Sparse,12,4.4,2.4,2.0000000000000004
2013,KUG,5,Sparse,NA,2.1,2.0,0.10000000000000009
2013,KUG,5,Immature,NA,1.7,1.7,0.0
2013,KUG,5,Sparse,6,1.1,0.7,0.40000000000000013
2013,KUG,6,Partial,14,48.5,14.5,34.0
2013,KUG,6,Partial,12,26.4,7.8,18.599999999999998
2013,KUG,6,Immature,NA,0.9,0.9,0.0
2013,KUG,18,Partial,8,18.8,7.6,11.200000000000001
2013,KUG,18,Sparse,10,12.1,8.3,3.799999999999999
2013,KUG,18,Sparse,6,2.6,1.6,1.0
2013,KUG,18,Immature,NA,1.0,1.0,0.0
2013,KUG,19,Partial,12,27.6,7.4,20.200000000000003
2013,KUG,19,Partial,14,39.7,9.1,30.6
2013,KUG,19,Sparse,12,14.0,6.2,7.8
2013,KUG,19,Sparse,NA,4.6,3.4,1.1999999999999997
2013,KUG,19,Immature,NA,0.1,0.1,0.0
2013,KUG,19,Immature,NA,0.1,0.1,0.0
2013,KUG,20,Sparse,NA,0.7,0.6,0.09999999999999998
2010,CDG,17,Full,14,166.6,29.7,136.9
2013,KUG,20,Sparse,NA,0.4,0.3,0.10000000000000003
2013,KUG,20,Sparse,NA,0.1,0.1,0.0
2013,KUG,20,Immature,NA,1.3,1.3,0.0
2013,KUG,20,Immature,NA,1.0,1.0,0.0
2013,KUG,20,Immature,NA,0.8,0.8,0.0
2013,KUG,20,Immature,NA,0.4,0.4,0.0
2013,KUG,20,Immature,NA,0.1,0.1,0.0
2013,KUG,20,Immature,NA,0.1,0.1,0.0
2013,KUG,20,Immature,NA,0.1,0.1,0.0
2013,KUG,21,Full,8,7.0,1.8,5.2
2013,KUG,21,Sparse,8,4.9,2.8,2.1000000000000005
2013,KUG,21,Sparse,8,2.1,2.0,0.10000000000000009
2013,KUG,21,Sparse,NA,1.3,1.1,0.19999999999999996
2013,KUG,21,Sparse,NA,3.9,2.5,1.4
2013,KUG,21,Immature,NA,0.6,0.6,0.0
2013,KUG,21,Immature,NA,0.2,0.2,0.0
2013,KUG,21,Immature,NA,0.1,0.1,0.0
2013,KUG,23,Immature,NA,1.3,1.3,0.0
2013,KUG,23,Immature,NA,0.1,0.1,0.0
2013,KUG,23,Immature,NA,0.1,0.1,0.0
2013,KUG,23,Sparse,NA,1.1,1.0,0.10000000000000009
2013,KUG,24,Full,8,14.2,3.6,10.6
2013,KUG,25,Partial,10,26.7,10.0,16.7
2013,KUG,25,Partial,12,17.4,4.8,12.599999999999998
2013,KUG,25,Sparse,8,5.9,4.4,1.5
2013,KUG,28,Full,10,33.7,6.5,27.200000000000003
2010,CDG,16,Full,12,152.1,41.5,110.6
2013,KUG,28,Partial,14,22.6,4.2,18.400000000000002
2013,KUG,28,Immature,NA,4.2,4.2,0.0
2013,KUG,28,Sparse,NA,0.6,0.4,0.19999999999999996
2013,KUG,29,Partial,10,17.0,4.1,12.9
2013,KUG,29,Sparse,8,9.1,5.3,3.8
2013,KUG,29,Sparse,6,3.9,1.2,2.7
2013,KUG,29,Sparse,NA,5.2,3.0,2.2
2013,KUG,29,Sparse,NA,3.1,2.1,1.0
2013,KUG,29,Sparse,NA,2.2,1.1,1.1
2013,KUG,30,Immature,NA,0.1,0.1,0.0
2013,KUG,31,Immature,NA,0.2,0.2,0.0
2011,POG,23,Sparse,8,25.0,14.4,10.6
2011,PLC,31,Immature,NA,6.2,6.2,0.0
2013,CDG,1,Immature,NA,2.5,2.5,0.0
2011,KUG,10,Full,12,48.3,8.3,40.0
2011,KUG,10,Sparse,NA,9.5,9.0,0.5
2014,CDG,1,Immature,NA,2.9,2.9,0.0
2014,CDG,1,Immature,NA,0.1,0.1,0.0
2014,CDG,2,Immature,12,7.6,7.6,0.0
2014,CDG,4,Sparse,10,6.7,6.1,0.6000000000000005
2014,CDG,5,Sparse,10,2.2,2.1,0.10000000000000009
2014,CDG,5,Immature,NA,0.8,0.8,0.0
2014,CDG,5,Immature,NA,0.1,0.1,0.0
2014,CDG,6,Sparse,10,3.4,3.1,0.2999999999999998
2014,CDG,6,Immature,NA,1.1,1.1,0.0
2014,CDG,10,Sparse,10,3.4,1.8,1.5999999999999999
2014,CDG,13,Full,12,129.5,22.0,107.5
2014,CDG,13,Full,12,77.3,15.0,62.3
2014,CDG,13,Full,12,95.7,21.5,74.2
2014,CDG,13,Partial,12,28.6,14.1,14.500000000000002
2014,CDG,13,Sparse,10,6.5,2.7,3.8
2014,CDG,16,Sparse,12,75.0,46.4,28.6
2013,CDG,1,Immature,NA,3.5,3.5,0.0
2014,CDG,16,Immature,NA,0.1,0.1,0.0
2014,CDG,16,Immature,NA,0.2,0.2,0.0
2014,CDG,17,Immature,NA,1.4,1.4,0.0
2014,CDG,21,Sparse,8,1.4,1.2,0.19999999999999996
2014,CDG,21,Sparse,8,0.8,0.5,0.30000000000000004
2014,CDG,21,Immature,NA,0.9,0.9,0.0
2014,CDG,21,Immature,NA,0.1,0.1,0.0
2014,CDG,21,Immature,NA,0.1,0.1,0.0
2014,CDG,25,Immature,12,13.4,13.4,0.0
2014,POG,11,Immature,NA,0.6,0.6,0.0
2014,KUG,4,Immature,NA,0.6,0.6,0.0
2014,KUG,4,Sparse,8,0.5,0.4,0.09999999999999998
2014,KUG,6,Partial,12,11.3,3.5,7.800000000000001
2014,KUG,6,Partial,10,9.8,3.5,6.300000000000001
2014,KUG,6,Immature,NA,3.3,3.3,0.0
2014,KUG,6,Immature,NA,1.6,1.6,0.0
2014,KUG,6,Immature,NA,0.4,0.4,0.0
2014,KUG,23,Immature,12,4.1,4.1,0.0
2014,KUG,24,Partial,6,5.3,1.7,3.5999999999999996
2014,KUG,24,Partial,10,3.5,2.1,1.4
2014,KUG,24,Immature,NA,0.4,0.4,0.0
2014,KUG,24,Immature,NA,0.1,0.1,0.0
2014,KUG,27,Immature,NA,0.6,0.6,0.0
2015,CDG,2,Full,12,136.1,32.4,103.69999999999999
2015,CDG,2,Full,14,87.6,22.7,64.89999999999999
2015,CDG,2,Full,12,62.8,11.5,51.3
2015,CDG,2,Full,12,46.9,9.5,37.4
2015,CDG,2,Immature,NA,1.5,1.5,0.0
2015,CDG,2,Sparse,8,1.4,1.3,0.09999999999999987
2015,CDG,3,Full,12,81.1,11.5,69.6
2015,CDG,3,Partial,12,44.6,6.5,38.1
2015,CDG,3,Full,12,46.8,5.5,41.3
2015,CDG,3,Full,12,29.1,6.3,22.8
2015,CDG,3,,NA,32.2,2.2,30.000000000000004
2015,CDG,4,Full,12,116.1,16.7,99.39999999999999
2015,CDG,4,Full,14,103.3,16.6,86.69999999999999
2015,CDG,4,Full,14,80.6,9.1,71.5
2015,CDG,4,Full,12,45.4,7.6,37.8
2015,CDG,4,Full,12,30.9,5.3,25.599999999999998
2015,CDG,4,Immature,NA,0.6,0.6,0.0
2015,CDG,4,Immature,NA,0.1,0.1,0.0
2015,CDG,5,Full,12,71.4,15.1,56.300000000000004
2015,CDG,5,Full,12,27.4,3.1,24.299999999999997
2015,CDG,5,Immature,NA,0.4,0.4,0.0
2015,CDG,5,Immature,NA,0.5,0.5,0.0
2015,CDG,6,Immature,NA,0.1,0.1,0.0
2015,CDG,6,Immature,NA,0.2,0.2,0.0
2015,CDG,6,Full,12,65.8,7.8,58.0
2015,CDG,6,Full,12,69.8,16.6,53.199999999999996
2015,CDG,6,Full,8,44.5,6.2,38.3
2015,CDG,6,Full,12,39.6,9.6,30.0
2015,CDG,6,Partial,10,33.4,7.8,25.599999999999998
2015,CDG,6,Sparse,12,19.0,7.5,11.5
2015,CDG,7,Full,12,75.0,17.1,57.9
2015,CDG,7,Full,14,75.0,16.0,59.0
2015,CDG,7,Full,12,67.9,13.4,54.50000000000001
2015,CDG,7,Full,12,49.0,4.0,45.0
2015,CDG,7,Sparse,10,12.9,4.6,8.3
2015,CDG,7,Immature,NA,0.9,0.9,0.0
2015,CDG,8,Partial,10,25.0,5.5,19.5
2015,CDG,8,Immature,NA,0.6,0.6,0.0
2015,CDG,10,Full,12,32.9,4.8,28.099999999999998
2015,CDG,10,Partial,8,25.2,4.8,20.4
2015,CDG,10,Sparse,8,10.1,2.1,8.0
2015,CDG,10,Immature,NA,0.8,0.8,0.0
2015,CDG,10,Immature,NA,0.1,0.1,0.0
2015,CDG,11,Full,12,55.0,12.5,42.5
2015,CDG,11,Full,12,36.1,4.3,31.8
2015,CDG,11,Full,12,27.8,2.8,25.0
2015,CDG,11,Immature,NA,3.2,3.2,0.0
2015,CDG,11,Immature,NA,0.8,0.8,0.0
2015,CDG,12,Full,14,76.7,15.2,61.5
2015,CDG,12,Full,12,50.0,8.6,41.4
2015,CDG,12,Full,12,50.3,8.7,41.599999999999994
2015,CDG,12,Full,10,16.9,1.8,15.099999999999998
2015,CDG,12,Immature,NA,1.0,1.0,0.0
2015,CDG,12,Immature,NA,0.2,0.2,0.0
2015,CDG,12,Immature,NA,0.1,0.1,0.0
2015,CDG,13,Full,16,84.5,15.6,68.9
2015,CDG,13,Full,12,82.2,18.0,64.2
2015,CDG,13,Partial,12,71.7,12.5,59.2
2015,CDG,14,Full,12,41.4,3.5,37.9
2015,CDG,13,Full,10,59.3,8.4,50.9
2015,CDG,13,Full,10,23.9,1.7,22.2
2012,KUG,3,Partial,6,3.1,1.0,2.1
2015,CDG,14,Full,18,63.5,8.2,55.3
2015,CDG,13,Sparse,8,1.9,1.6,0.2999999999999998
2015,CDG,14,Full,12,40.8,6.3,34.5
2015,CDG,15,Full,12,70.0,12.6,57.4
2015,CDG,15,Full,14,65.4,12.2,53.2
2015,CDG,14,Full,12,48.7,5.2,43.5
2015,CDG,14,Immature,NA,1.3,1.3,0.0
2015,CDG,15,Full,10,54.9,10.8,44.099999999999994
2015,CDG,18,Partial,12,35.6,6.4,29.200000000000003
2015,CDG,15,Partial,10,15.8,3.3,12.5
2015,CDG,18,Full,12,31.6,3.4,28.200000000000003
2015,CDG,15,Partial,12,15.7,2.8,12.899999999999999
2015,CDG,18,Immature,NA,0.6,0.6,0.0
2015,CDG,16,Immature,NA,0.3,0.3,0.0
2015,CDG,18,Immature,NA,0.3,0.3,0.0
2015,CDG,19,Full,12,102.1,14.9,87.19999999999999
2015,CDG,19,Full,14,138.8,20.8,118.00000000000001
2015,CDG,20,Full,12,50.0,6.1,43.9
2015,CDG,19,Full,14,60.4,8.2,52.2
2015,CDG,20,Full,10,16.1,3.3,12.8
2015,CDG,19,Full,12,79.5,9.9,69.6
2015,CDG,20,Full,10,29.1,7.1,22.0
2015,CDG,19,Partial,12,37.8,15.1,22.699999999999996
2015,CDG,20,Partial,10,29.5,8.3,21.2
2015,CDG,21,Partial,12,50.1,12.0,38.1
2012,KUG,11,Sparse,12,5.1,4.0,1.0999999999999996
2015,CDG,20,Sparse,8,5.1,2.1,2.9999999999999996
2015,CDG,20,Immature,NA,1.2,1.2,0.0
2015,CDG,21,Sparse,10,30.1,11.0,19.1
2015,CDG,20,Immature,NA,1.2,1.2,0.0
2015,CDG,20,Immature,NA,1.3,1.3,0.0
2015,CDG,21,Sparse,10,36.2,10.1,26.1
2015,CDG,21,Sparse,8,16.4,4.7,11.7
2015,CDG,21,Sparse,10,9.2,6.2,2.999999999999999
2015,CDG,21,Sparse,NA,3.2,1.7,1.5000000000000002
2015,CDG,22,Full,10,23.9,2.3,21.599999999999998
2015,CDG,22,Immature,NA,0.5,0.5,0.0
2015,CDG,22,Immature,NA,0.4,0.4,0.0
2015,CDG,23,Full,8,14.0,1.6,12.4
2015,CDG,24,Partial,10,28.4,4.5,23.9
2015,CDG,25,Immature,NA,0.1,0.1,0.0
2015,CDG,26,Full,14,87.3,14.9,72.39999999999999
2015,CDG,26,Full,14,58.7,10.0,48.7
2015,CDG,26,Full,12,55.5,11.2,44.3
2015,CDG,26,Partial,12,15.5,2.7,12.8
2015,CDG,26,Sparse,NA,6.7,6.2,0.5
2015,CDG,26,Sparse,8,6.8,2.6,4.199999999999999
2015,CDG,27,Full,16,28.4,6.5,21.9
2015,CDG,27,Full,12,42.6,7.3,35.300000000000004
2015,CDG,27,Partial,8,12.6,3.8,8.8
2015,CDG,27,Sparse,NA,3.0,2.3,0.7000000000000002
2015,CDG,27,Immature,NA,1.9,1.9,0.0
2015,CDG,28,Full,12,83.7,18.3,65.4
2015,CDG,28,Full,12,28.9,5.0,23.9
2015,CDG,28,Sparse,8,4.8,2.0,2.8
2015,CDG,28,Immature,NA,0.5,0.5,0.0
2012,KUG,13,Partial,8,15.3,3.7,11.600000000000001
2015,CDG,28,Immature,NA,0.2,0.2,0.0
2015,CDG,29,Full,12,142.2,29.6,112.6
2015,CDG,29,Full,14,96.5,14.9,81.6
2015,CDG,29,Full,12,49.3,8.7,40.599999999999994
2015,CDG,29,Full,14,57.0,7.4,49.6
2015,CDG,29,Full,12,32.6,5.4,27.200000000000003
2015,CDG,30,Full,12,85.3,10.9,74.39999999999999
2015,CDG,30,Full,12,125.9,20.4,105.5
2015,CDG,30,Full,14,121.0,18.0,103.0
2015,CDG,31,Immature,NA,0.7,0.7,0.0
2015,CDG,30,Full,12,61.8,12.2,49.599999999999994
2015,CDG,32,Full,12,80.4,9.5,70.9
2015,CDG,30,Full,10,31.9,7.2,24.7
2015,CDG,30,Sparse,8,15.5,3.7,11.8
2015,CDG,30,Sparse,NA,3.3,2.3,1.0
2015,CDG,32,Full,10,58.2,14.2,44.0
2015,CDG,30,Immature,NA,1.0,1.0,0.0
2015,CDG,32,Full,10,27.8,2.2,25.6
2015,CDG,33,Partial,12,91.1,30.2,60.89999999999999
2015,CDG,32,Partial,10,20.5,4.8,15.7
2015,CDG,33,Full,10,72.8,12.8,60.0
2015,CDG,32,Sparse,8,2.5,0.8,1.7
2015,CDG,32,Sparse,8,3.0,1.1,1.9
2015,CDG,33,Full,12,117.9,21.2,96.7
2015,CDG,33,Partial,12,45.0,9.7,35.3
2015,CDG,33,Partial,8,20.0,4.9,15.1
2012,KUG,16,Sparse,8,1.8,1.0,0.8
2015,CDG,33,Partial,8,22.0,4.4,17.6
2015,CDG,33,Partial,12,22.8,7.3,15.5
2015,CDG,34,Full,12,69.7,15.9,53.800000000000004
2015,CDG,34,Full,12,78.7,14.9,63.800000000000004
2015,CDG,34,Full,12,34.5,9.1,25.4
2015,CDG,34,Partial,8,19.2,4.1,15.1
2015,CDG,34,Partial,4,7.3,2.3,5.0
2015,CDG,34,Sparse,8,2.9,1.6,1.2999999999999998
2015,CDG,34,Sparse,8,4.1,0.9,3.1999999999999997
2015,CDG,34,Sparse,8,2.6,1.1,1.5
2015,CDG,35,Partial,8,39.5,6.6,32.9
2015,CDG,35,,12,19.8,1.5,18.3
2015,CDG,35,Partial,8,13.9,2.1,11.8
2015,CDG,35,Sparse,8,9.4,1.9,7.5
2015,CDG,35,Sparse,6,3.7,1.7,2.0
2015,CDG,35,Immature,NA,0.6,0.6,0.0
2015,CDG,35,Immature,NA,0.9,0.9,0.0
2015,CDG,35,Immature,NA,0.8,0.8,0.0
2015,CDG,35,Immature,NA,0.1,0.1,0.0
2015,CDG,35,Immature,NA,0.1,0.1,0.0
2015,CDG,36,Full,12,138.0,19.4,118.6
2015,CDG,36,Full,14,84.7,11.4,73.3
2015,CDG,36,Full,12,45.4,6.5,38.9
2015,CDG,36,Sparse,10,26.1,11.7,14.400000000000002
2015,CDG,36,Partial,10,16.1,3.6,12.500000000000002
2015,CDG,36,Partial,10,17.5,3.1,14.4
2015,CDG,36,Immature,NA,0.7,0.7,0.0
2012,KUG,17,Partial,10,7.2,1.3,5.9
2015,CDG,36,Immature,NA,0.4,0.4,0.0
2015,CDG,36,Immature,NA,0.1,0.1,0.0
2015,CDG,36,Immature,NA,0.1,0.1,0.0
2015,CDG,36,Immature,NA,0.1,0.1,0.0
2015,CDG,37,Full,14,99.7,20.3,79.4
2015,CDG,37,Full,12,53.4,9.3,44.099999999999994
2015,CDG,37,Full,12,47.7,7.4,40.300000000000004
2015,CDG,37,Partial,12,27.0,4.8,22.2
2015,CDG,37,Immature,NA,0.8,0.8,0.0
2015,CDG,37,Immature,NA,0.3,0.3,0.0
2015,CDG,37,Immature,NA,0.1,0.1,0.0
2015,CDG,37,Immature,NA,0.2,0.2,0.0
2015,CDG,38,Full,14,111.3,20.0,91.3
2015,CDG,38,Full,14,92.8,15.5,77.3
2015,CDG,38,Full,12,67.9,12.3,55.60000000000001
2015,CDG,39,Partial,8,6.7,2.3,4.4
2015,CDG,39,Immature,NA,0.1,0.1,0.0
2015,CDG,40,Full,8,5.3,0.9,4.3999999999999995
2015,CDG,41,Immature,NA,0.3,0.3,0.0
2015,CDG,41,Immature,NA,0.3,0.3,0.0
2015,CDG,41,Immature,NA,0.1,0.1,0.0
2015,CDG,42,Full,16,75.4,14.0,61.400000000000006
2015,CDG,42,Partial,10,15.3,2.9,12.4
2015,CDG,42,Partial,10,22.1,5.6,16.5
2015,CDG,42,Immature,NA,0.5,0.5,0.0
2015,CDG,42,Immature,NA,0.3,0.3,0.0
2015,CDG,42,Immature,NA,0.2,0.2,0.0
2015,CDG,43,Full,12,27.4,3.3,24.099999999999998
2015,CDG,43,Partial,12,23.8,3.5,20.3
2012,KUG,18,Sparse,6,0.6,0.1,0.5
2015,CDG,43,Sparse,12,14.1,11.4,2.6999999999999993
2015,CDG,43,Full,10,15.9,4.7,11.2
2015,CDG,43,Immature,NA,0.9,0.9,0.0
2015,CDG,43,Immature,NA,0.1,0.1,0.0
2015,CDG,44,Full,14,113.3,16.7,96.6
2015,CDG,44,Full,12,89.2,15.2,74.0
2015,CDG,44,Partial,12,55.7,14.8,40.900000000000006
2015,CDG,44,Partial,10,8.2,2.7,5.499999999999999
2015,CDG,44,Immature,NA,1.5,1.5,0.0
2015,CDG,44,Immature,NA,0.1,0.1,0.0
2015,CDG,44,Immature,NA,0.8,0.8,0.0
2015,CDG,45,Full,12,76.4,13.5,62.900000000000006
2015,CDG,45,Full,10,86.4,19.6,66.80000000000001
2015,CDG,45,Partial,10,29.0,6.2,22.8
2015,CDG,45,Partial,12,23.1,4.4,18.700000000000003
2015,CDG,45,Immature,NA,3.7,3.7,0.0
2015,CDG,46,Full,14,161.6,32.9,128.7
2015,CDG,46,Full,14,108.0,15.0,93.0
2015,CDG,46,Full,14,101.5,28.0,73.5
2015,CDG,46,Full,12,83.3,17.4,65.9
2015,CDG,46,Partial,12,37.9,10.4,27.5
2015,CDG,46,Partial,8,14.9,3.3,11.600000000000001
2015,CDG,46,Sparse,8,9.2,4.6,4.6
2015,CDG,46,Sparse,8,3.4,0.4,3.0
2015,CDG,47,Full,12,103.2,15.4,87.8
2015,CDG,47,Full,12,50.8,5.7,45.099999999999994
2015,CDG,47,Immature,NA,1.8,1.8,0.0
2015,CDG,47,Partial,12,24.0,5.8,18.2
2015,CDG,47,Immature,NA,0.9,0.9,0.0
2015,CDG,47,Immature,NA,1.5,1.5,0.0
2012,KUG,23,Sparse,8,1.8,0.3,1.5
2015,CDG,47,Immature,NA,0.7,0.7,0.0
2015,PLC,2,Partial,8,4.4,0.8,3.6000000000000005
2015,PLC,4,Immature,NA,1.3,1.3,0.0
2015,PLC,6,Sparse,8,9.3,2.1,7.200000000000001
2015,PLC,6,Sparse,10,4.6,2.0,2.5999999999999996
2015,PLC,5,Full,12,15.9,2.7,13.2
2015,PLC,7,Sparse,8,6.2,1.4,4.800000000000001
2015,PLC,11,Full,12,32.3,5.8,26.499999999999996
2015,PLC,12,Partial,12,32.6,4.0,28.6
2015,PLC,11,Immature,NA,0.1,0.1,0.0
2015,PLC,12,Partial,12,14.3,2.5,11.8
2015,PLC,12,Immature,NA,0.7,0.7,0.0
2015,PLC,11,Full,6,11.3,1.0,10.3
2015,PLC,12,Immature,NA,1.8,1.8,0.0
2015,PLC,13,Full,12,49.3,8.1,41.199999999999996
2015,PLC,15,Full,12,93.7,16.0,77.7
2015,PLC,13,Full,12,51.9,8.7,43.2
2015,PLC,15,Full,14,41.0,8.3,32.7
2015,PLC,15,Partial,12,28.7,3.5,25.2
2015,PLC,15,Partial,12,33.8,7.6,26.199999999999996
2015,PLC,15,Partial,16,23.0,3.3,19.7
2015,PLC,15,Sparse,12,5.6,5.2,0.39999999999999947
2012,KUG,24,Immature,NA,0.3,0.3,0.0
2015,PLC,13,Full,14,19.7,3.9,15.799999999999999
2015,PLC,15,Full,12,26.3,0.8,25.5
2015,PLC,13,Partial,10,10.5,3.0,7.5
2015,PLC,14,Full,14,46.6,7.2,39.4
2015,PLC,14,Full,12,32.0,5.8,26.2
2015,PLC,14,Partial,10,22.8,3.0,19.8
2015,PLC,14,Immature,NA,2.7,2.7,0.0
2015,PLC,17,Immature,NA,1.5,1.5,0.0
2015,PLC,17,Immature,NA,0.3,0.3,0.0
2015,PLC,16,Full,14,53.6,8.9,44.7
2015,PLC,18,Full,12,67.0,8.2,58.8
2015,PLC,16,Full,12,44.2,10.3,33.900000000000006
2015,PLC,18,Full,14,63.9,10.3,53.599999999999994
2015,PLC,18,Full,12,64.1,7.2,56.89999999999999
2015,PLC,16,Full,12,59.7,9.7,50.0
2015,PLC,16,Full,12,27.4,3.2,24.2
2015,PLC,16,Immature,NA,4.2,4.2,0.0
2015,PLC,16,Immature,NA,0.4,0.4,0.0
2015,PLC,16,Immature,NA,0.4,0.4,0.0
2015,PLC,18,Partial,12,39.9,7.8,32.1
2015,PLC,19,Full,12,88.0,19.4,68.6
2015,PLC,19,Full,10,47.2,7.5,39.7
2015,PLC,19,Full,14,37.4,3.5,33.9
2015,PLC,19,Partial,12,34.3,11.2,23.099999999999998
2015,PLC,19,Partial,8,32.7,6.9,25.800000000000004
2015,PLC,19,Partial,12,35.1,6.2,28.900000000000002
2015,PLC,19,Partial,14,31.0,5.7,25.3
2015,PLC,20,Full,14,61.5,13.9,47.6
2013,CDG,1,Immature,NA,2.3,2.3,0.0
2015,PLC,20,Full,10,44.6,8.3,36.3
2015,PLC,20,Full,10,33.5,4.0,29.5
2015,PLC,20,Full,12,32.7,3.5,29.200000000000003
2015,PLC,22,Full,12,82.1,14.0,68.1
2015,PLC,22,Full,12,38.4,3.4,35.0
2015,PLC,20,Partial,14,18.5,2.5,16.0
2015,PLC,20,Partial,16,25.7,2.0,23.7
2015,PLC,22,Full,16,74.4,14.0,60.400000000000006
2015,PLC,21,Full,10,121.9,30.0,91.9
2015,PLC,21,Full,14,132.9,24.3,108.60000000000001
2015,PLC,22,Full,1,35.9,7.8,28.099999999999998
2015,PLC,21,Full,12,131.3,25.3,106.00000000000001
2015,PLC,21,Full,14,86.9,17.1,69.80000000000001
2015,PLC,22,Full,12,39.0,7.6,31.4
2015,PLC,21,Full,16,64.5,10.8,53.7
2015,PLC,23,Full,14,116.3,21.9,94.4
2015,PLC,23,Full,12,59.8,8.8,51.0
2015,PLC,21,Full,12,88.1,13.5,74.6
2015,PLC,23,Full,14,31.1,4.7,26.400000000000002
2015,PLC,26,Full,12,108.8,17.7,91.1
2015,PLC,23,Full,12,55.8,12.6,43.199999999999996
2015,PLC,26,Full,14,85.1,11.7,73.39999999999999
2013,CDG,2,Sparse,8,2.0,1.6,0.3999999999999999
2015,PLC,23,Full,12,43.6,5.9,37.7
2015,PLC,26,Full,14,96.5,11.4,85.1
2015,PLC,26,Full,12,67.2,14.1,53.1
2015,PLC,23,Partial,12,21.1,3.5,17.6
2015,PLC,23,Immature,NA,0.1,0.1,0.0
2015,PLC,23,Immature,NA,0.1,0.1,0.0
2015,PLC,26,Full,12,71.7,12.3,59.400000000000006
2015,PLC,26,Full,10,55.4,11.5,43.9
2015,PLC,24,Full,14,53.8,10.7,43.099999999999994
2015,PLC,24,Full,12,35.6,9.2,26.400000000000002
2015,PLC,26,,12,66.8,7.0,59.8
2015,PLC,24,Full,12,23.9,3.3,20.599999999999998
2015,PLC,24,Immature,NA,0.4,0.4,0.0
2015,PLC,27,Full,16,69.1,13.9,55.199999999999996
2015,PLC,27,Partial,10,22.7,4.0,18.7
2015,PLC,24,Partial,12,13.1,3.7,9.399999999999999
2015,PLC,27,Full,18,39.8,6.4,33.4
2015,PLC,25,Full,10,22.9,2.6,20.299999999999997
2015,PLC,27,Partial,12,39.1,6.1,33.0
2015,PLC,27,Full,12,27.2,3.5,23.7
2015,PLC,27,Partial,12,21.3,4.0,17.3
2015,PLC,25,Full,8,31.5,4.5,27.0
2015,PLC,27,Full,8,11.2,2.0,9.2
2015,PLC,27,Sparse,6,2.0,0.5,1.5
2015,PLC,29,Full,12,54.0,7.7,46.3
2015,PLC,28,Full,12,25.8,4.2,21.6
2015,PLC,29,Full,16,44.5,6.2,38.3
2015,PLC,28,Full,14,12.7,2.6,10.1
2015,PLC,29,Partial,12,30.0,6.7,23.3
2013,CDG,17,Full,12,144.8,32.8,112.00000000000001
2015,PLC,29,Sparse,10,9.3,1.6,7.700000000000001
2015,PLC,28,Full,10,15.1,1.4,13.7
2015,PLC,28,Partial,10,16.7,2.7,14.0
2015,PLC,30,Full,14,56.5,8.1,48.4
2015,PLC,30,Full,12,53.1,8.8,44.3
2015,PLC,30,Full,12,70.4,17.9,52.50000000000001
2015,PLC,30,Full,10,18.8,3.6,15.200000000000001
2015,PLC,30,Full,12,26.1,4.6,21.5
2015,PLC,30,Sparse,6,6.0,0.6,5.4
2015,POG,1,Full,12,19.8,4.8,15.0
2015,POG,2,Full,10,94.9,19.0,75.9
2015,POG,1,Full,10,24.6,6.4,18.200000000000003
2015,POG,1,Full,8,17.4,5.3,12.099999999999998
2015,POG,2,Full,12,132.6,27.9,104.69999999999999
2015,POG,1,Sparse,8,6.7,6.5,0.20000000000000018
2015,POG,2,Full,12,114.7,22.5,92.2
2015,POG,2,Full,10,79.4,13.4,66.0
2015,POG,3,Full,12,105.5,20.1,85.4
2015,POG,2,Partial,12,108.2,38.4,69.80000000000001
2015,POG,2,Full,12,117.5,30.9,86.6
2015,POG,2,Full,10,63.9,12.8,51.099999999999994
2015,POG,2,Partial,NA,23.5,4.7,18.8
2015,POG,2,Sparse,10,14.4,6.8,7.6000000000000005
2015,POG,3,Full,16,156.0,49.0,107.0
2015,POG,4,Full,12,146.6,26.5,120.1
2015,POG,3,Full,14,65.5,5.8,59.7
2015,POG,4,Full,12,55.5,16.0,39.5
2013,CDG,19,Partial,10,41.1,17.0,24.1
2015,POG,3,Full,12,79.2,13.0,66.2
2015,POG,3,Full,12,56.8,10.6,46.199999999999996
2015,POG,4,Partial,12,76.6,32.6,43.99999999999999
2015,POG,3,Full,14,82.1,14.2,67.89999999999999
2015,POG,4,Full,12,63.8,10.5,53.3
2015,POG,3,Full,14,72.0,19.5,52.5
2015,POG,4,Partial,14,51.5,18.0,33.5
2015,POG,4,Sparse,12,24.4,10.6,13.799999999999999
2015,POG,4,Immature,NA,0.9,0.9,0.0
2015,POG,3,Full,14,91.8,28.3,63.5
2015,POG,4,Immature,NA,1.6,1.6,0.0
2015,POG,4,Immature,NA,0.5,0.5,0.0
2015,POG,4,Immature,NA,0.2,0.2,0.0
2015,POG,3,Immature,NA,0.6,0.6,0.0
2015,POG,2,Immature,NA,0.5,0.5,0.0
2015,POG,6,Full,12,70.6,17.4,53.199999999999996
2015,POG,5,Full,12,65.9,20.8,45.10000000000001
2015,POG,6,Full,16,65.8,11.6,54.199999999999996
2015,POG,5,Partial,10,25.9,8.6,17.299999999999997
2015,POG,5,Full,12,31.9,8.2,23.7
2015,POG,6,Full,10,37.5,12.0,25.5
2015,POG,5,Partial,10,30.3,8.2,22.1
2015,POG,6,Full,10,31.4,6.0,25.4
2015,POG,5,Sparse,8,16.7,6.1,10.6
2015,POG,6,Immature,0,1.0,1.0,0.0
2015,POG,5,Immature,NA,0.8,0.8,0.0
2015,POG,7,Full,12,129.8,29.7,100.10000000000001
2015,POG,11,Sparse,8,8.0,3.6,4.4
2015,POG,13,,12,223.5,50.0,173.5
2015,POG,13,Full,12,103.6,17.0,86.6
2015,POG,14,Full,12,101.5,25.6,75.9
2015,POG,13,Full,12,105.8,19.3,86.5
2015,POG,13,Full,12,97.9,24.1,73.80000000000001
2015,POG,14,Full,10,88.7,27.3,61.400000000000006
2015,POG,13,Full,12,109.0,21.1,87.9
2015,POG,14,Partial,14,82.7,19.0,63.7
2015,POG,14,Full,12,62.5,15.0,47.5
2015,POG,13,Full,14,90.3,23.3,67.0
2015,POG,14,Partial,10,13.4,3.4,10.0
2015,POG,13,Partial,12,44.0,18.4,25.6
2015,POG,13,Immature,NA,20.1,20.1,0.0
2015,POG,14,Partial,10,15.2,3.5,11.7
2015,POG,14,Immature,NA,3.3,3.3,0.0
2015,POG,14,Immature,NA,0.3,0.3,0.0
2015,POG,13,,NA,2.6,2.6,0.0
2015,POG,15,Full,12,66.7,15.3,51.400000000000006
2015,POG,16,Full,14,110.3,24.2,86.1
2015,POG,16,Full,8,65.2,19.9,45.300000000000004
2015,POG,15,Full,12,63.9,12.1,51.8
2015,POG,15,Partial,12,46.8,16.0,30.799999999999997
2015,POG,16,Partial,12,15.0,4.1,10.9
2015,POG,15,Partial,12,25.1,6.6,18.5
2015,POG,15,Sparse,8,5.5,4.9,0.5999999999999996
2015,POG,15,Sparse,8,8.5,8.5,0.0
2015,POG,15,Immature,NA,1.4,1.4,0.0
2015,POG,18,Full,14,107.1,26.6,80.5
2014,CDG,1,Sparse,12,2.2,2.0,0.20000000000000018
2015,POG,8,Full,14,139.4,41.9,97.5
2015,POG,7,Full,12,170.4,33.1,137.3
2015,POG,7,Full,10,76.7,19.2,57.5
2015,POG,8,Full,12,131.7,30.3,101.39999999999999
2015,POG,7,Partial,12,53.5,16.2,37.3
2015,POG,7,Partial,14,46.8,9.6,37.199999999999996
2015,POG,8,Full,10,114.2,25.7,88.5
2015,POG,7,Full,14,46.2,13.2,33.0
2015,POG,8,Full,12,79.8,17.1,62.699999999999996
2015,POG,8,Full,12,73.1,18.5,54.599999999999994
2015,POG,8,Full,12,40.8,11.7,29.099999999999998
2015,POG,8,Full,10,36.1,9.1,27.0
2015,POG,8,Partial,14,39.3,10.4,28.9
2015,POG,8,Partial,10,16.6,3.4,13.200000000000001
2015,POG,8,Immature,NA,0.6,0.6,0.0
2015,POG,8,Immature,NA,0.3,0.3,0.0
2015,POG,8,Immature,NA,0.1,0.1,0.0
2015,POG,8,Immature,NA,0.1,0.1,0.0
2015,POG,8,Immature,NA,0.1,0.1,0.0
2015,POG,7,Sparse,10,19.5,6.1,13.4
2015,POG,9,Full,12,163.0,50.6,112.4
2015,POG,9,Full,12,82.5,19.9,62.6
2015,POG,9,Full,12,71.9,21.9,50.00000000000001
2015,POG,9,Sparse,8,12.3,6.1,6.200000000000001
2015,POG,9,Sparse,8,10.4,3.3,7.1000000000000005
2015,POG,9,Sparse,10,9.6,5.6,4.0
2015,POG,10,Full,10,52.6,14.6,38.0
2015,POG,10,Partial,12,26.9,7.5,19.4
2014,CDG,1,Sparse,8,1.3,0.6,0.7000000000000001
2015,POG,10,Sparse,10,13.9,6.7,7.2
2015,POG,10,Sparse,6,6.7,2.6,4.1
2015,POG,10,Sparse,10,9.4,5.2,4.2
2015,POG,11,Full,12,31.1,6.8,24.3
2015,POG,12,Full,12,144.5,36.0,108.5
2015,POG,11,Full,14,66.9,23.4,43.50000000000001
2015,POG,12,Full,12,49.8,12.6,37.199999999999996
2015,POG,12,Full,10,52.1,11.2,40.900000000000006
2015,POG,11,Full,12,27.9,6.4,21.5
2015,POG,12,Full,12,34.2,9.2,25.000000000000004
2015,POG,11,Partial,10,18.6,7.6,11.000000000000002
2015,POG,12,Sparse,10,7.0,5.6,1.4000000000000004
2015,POG,12,Immature,NA,6.1,6.1,0.0
2015,POG,12,Immature,NA,0.5,0.5,0.0
2015,POG,11,Partial,12,18.2,4.7,13.5
2015,POG,12,Immature,NA,0.4,0.4,0.0
2015,POG,18,Full,12,102.0,21.2,80.8
2015,POG,19,Full,12,121.5,30.9,90.6
2015,POG,18,Full,10,111.1,18.7,92.39999999999999
2015,POG,19,Full,14,62.4,18.7,43.7
2015,POG,18,Full,10,89.9,20.8,69.10000000000001
2015,POG,19,Full,10,93.5,33.5,60.0
2015,POG,19,Full,10,71.1,17.4,53.699999999999996
2015,POG,19,Full,14,68.9,20.0,48.900000000000006
2015,POG,19,Full,10,33.2,9.8,23.400000000000002
2015,POG,19,Partial,10,27.7,9.0,18.7
2015,POG,19,Immature,NA,0.7,0.7,0.0
2015,POG,19,Immature,NA,0.1,0.1,0.0
2014,CDG,10,Partial,10,32.7,13.2,19.500000000000004
2015,POG,18,Partial,12,71.8,17.7,54.099999999999994
2015,POG,20,Partial,12,41.7,9.2,32.5
2015,POG,18,Partial,10,30.0,6.9,23.1
2015,POG,18,Immature,NA,2.2,2.2,0.0
2015,POG,20,Partial,10,13.7,3.2,10.5
2015,POG,20,Sparse,8,6.7,3.0,3.7
2015,KUG,2,Partial,10,38.4,11.2,27.2
2015,KUG,2,Full,12,20.6,3.1,17.5
2015,KUG,2,Full,12,20.2,1.8,18.4
2015,KUG,3,Sparse,8,17.2,17.2,0.0
2015,KUG,2,Full,12,18.5,2.2,16.3
2015,KUG,4,Full,12,43.0,7.7,35.3
2015,KUG,6,Full,14,125.2,29.1,96.1
2015,KUG,6,Partial,12,65.1,31.5,33.599999999999994
2015,KUG,6,Sparse,12,23.2,14.7,8.5
2015,KUG,4,Full,10,33.8,5.3,28.499999999999996
2015,KUG,6,Sparse,10,23.9,12.2,11.7
2015,KUG,4,Full,8,23.8,1.7,22.1
2015,KUG,8,Full,12,41.2,6.5,34.7
2015,KUG,7,Full,12,87.5,18.2,69.3
2014,POG,11,Immature,NA,0.3,0.3,0.0
2015,KUG,8,Full,12,21.1,3.8,17.3
2015,KUG,8,Immature,NA,0.6,0.6,0.0
2015,KUG,7,Full,12,83.5,15.7,67.8
2015,KUG,7,Full,14,85.3,12.3,73.0
2015,KUG,8,Sparse,10,19.2,10.6,8.6
2015,KUG,7,Full,12,91.4,21.7,69.7
2015,KUG,9,Full,8,21.1,3.7,17.400000000000002
2015,KUG,7,Partial,8,30.0,7.9,22.1
2015,KUG,9,Immature,NA,2.5,2.5,0.0
2015,KUG,7,Full,12,23.5,4.0,19.5
2015,KUG,7,,12,11.2,2.8,8.399999999999999
2015,KUG,12,Full,12,52.6,7.9,44.7
2015,KUG,12,Full,8,15.5,1.3,14.2
2015,KUG,12,,10,18.0,4.1,13.9
2015,KUG,12,Sparse,14,10.0,2.8,7.2
2015,KUG,12,Sparse,10,5.6,2.3,3.3
2015,KUG,13,Full,14,88.8,16.1,72.69999999999999
2015,KUG,13,Full,10,69.4,13.6,55.800000000000004
2015,KUG,14,Full,14,114.0,20.6,93.4
2015,KUG,13,Full,12,72.2,10.7,61.5
2015,KUG,14,Full,12,139.2,25.0,114.19999999999999
2015,KUG,13,Full,8,19.6,2.4,17.200000000000003
2015,KUG,14,Full,12,104.6,30.5,74.1
2015,KUG,13,Immature,NA,2.5,2.5,0.0
2015,CDG,14,Full,16,69.4,8.4,61.00000000000001
2015,KUG,14,Full,14,55.0,8.6,46.4
2015,KUG,14,Full,14,49.3,9.1,40.199999999999996
2015,KUG,13,Sparse,10,12.6,5.7,6.8999999999999995
2015,KUG,14,Sparse,8,4.4,2.3,2.1000000000000005
2015,KUG,15,Full,12,119.4,27.1,92.30000000000001
2015,KUG,15,Immature,NA,0.7,0.7,0.0
2015,KUG,15,Immature,NA,0.5,0.5,0.0
2015,KUG,16,Full,12,127.6,30.5,97.1
2015,KUG,17,Partial,10,21.6,3.5,18.1
2015,KUG,16,Partial,12,106.2,40.4,65.80000000000001
2015,KUG,17,Full,12,37.6,6.7,30.900000000000002
2015,KUG,17,Partial,8,33.4,10.9,22.5
2015,KUG,16,Full,16,108.0,14.7,93.3
2015,KUG,17,Full,10,47.9,9.7,38.2
2015,KUG,16,Full,12,101.0,29.4,71.6
2015,KUG,17,Partial,10,12.3,1.8,10.5
2015,KUG,16,Sparse,10,20.9,7.5,13.399999999999999
2015,KUG,21,Immature,NA,0.5,0.5,0.0
2015,KUG,18,Full,12,11.4,0.9,10.5
2015,KUG,21,Partial,8,3.1,0.5,2.6
2015,KUG,22,Full,12,32.0,2.7,29.3
2015,KUG,22,Partial,8,9.5,1.0,8.5
2015,KUG,18,Full,10,16.0,4.5,11.5
2015,KUG,22,Sparse,10,3.8,2.7,1.0999999999999996
2015,KUG,22,Immature,NA,0.9,0.9,0.0
2015,CDG,29,Full,14,76.7,13.7,63.0
2015,KUG,24,Immature,NA,7.0,7.0,0.0
2015,KUG,26,Full,12,50.0,7.5,42.5
2015,KUG,26,Partial,10,21.6,3.2,18.400000000000002
2015,KUG,23,Partial,12,59.7,27.3,32.400000000000006
2015,KUG,23,Full,14,43.8,10.0,33.8
2015,KUG,26,Partial,10,13.5,2.2,11.3
2015,KUG,23,Full,12,88.9,19.2,69.7
2015,KUG,27,Full,12,41.2,5.9,35.300000000000004
2015,KUG,23,Full,12,42.5,8.6,33.9
2015,KUG,23,Full,12,61.2,9.3,51.900000000000006
2015,KUG,27,Full,8,42.8,8.5,34.3
2015,KUG,27,Partial,12,21.9,3.8,18.099999999999998
2015,KUG,23,Full,12,15.3,2.1,13.200000000000001
2015,KUG,27,Full,10,12.4,2.1,10.3
2015,KUG,23,Full,14,24.7,4.2,20.5
2015,KUG,23,Full,10,45.1,12.1,33.0
2015,KUG,27,Partial,6,6.5,0.8,5.7
2015,KUG,23,Partial,8,24.6,4.4,20.200000000000003
2015,KUG,32,Partial,8,7.0,1.0,6.0
2015,KUG,23,Full,8,17.9,2.8,15.099999999999998
2015,CDG,29,Full,12,53.3,10.9,42.4
2015,CDG,38,Full,12,16.7,0.3,16.4
2015,CDG,38,Sparse,10,7.7,5.6,2.1000000000000005
2015,PLC,12,Sparse,NA,1.1,1.0,0.10000000000000009
2015,PLC,22,Full,12,49.3,11.4,37.9
2015,PLC,22,Partial,12,38.2,8.4,29.800000000000004
2015,CDG,15,Full,12,73.5,14.3,59.2
2015,PLC,13,Partial,10,12.9,1.8,11.1
2015,PLC,28,Full,16,53.1,11.8,41.3
2015,POG,2,Full,14,139.3,33.3,106.00000000000001
2015,POG,5,Sparse,10,5.9,5.0,0.9000000000000004
2015,POG,20,Partial,10,23.1,5.2,17.900000000000002
2015,KUG,3,Full,14,65.7,12.5,53.2
2015,KUG,3,Full,12,51.9,8.3,43.599999999999994
2015,PLC,18,Full,12,104.6,18.0,86.6
2015,KUG,4,Full,12,39.8,5.4,34.4
2015,KUG,26,Partial,10,15.0,2.4,12.6
2011,CDG,17,,NA,0.1,0.1,0.0
