Year,Almagre Mountain B index,Mesa Verde Douglas Fir index
480,NaN,693.0
481,NaN,597.0
482,NaN,573.0
483,NaN,903.0
484,NaN,1536.0
485,NaN,937.0
486,NaN,759.0
487,NaN,1402.0
488,NaN,640.0
489,NaN,1078.0
490,NaN,1444.0
491,NaN,951.0
492,NaN,914.0
493,NaN,474.0
494,NaN,1357.0
495,NaN,949.0
496,NaN,1215.0
497,NaN,1256.0
498,NaN,1441.0
499,NaN,2103.0
500,NaN,412.0
501,NaN,984.0
502,NaN,1243.0
503,NaN,1506.0
504,NaN,2045.0
505,NaN,1603.0
506,NaN,1609.0
507,NaN,1222.0
508,NaN,471.0
509,NaN,1462.0
510,NaN,1177.0
511,NaN,856.0
512,NaN,371.0
513,NaN,345.0
514,NaN,809.0
515,NaN,240.0
516,NaN,243.0
517,NaN,313.0
518,NaN,400.0
519,NaN,439.0
520,NaN,324.0
521,NaN,573.0
522,NaN,1478.0
523,NaN,1906.0
524,NaN,920.0
525,NaN,841.0
526,NaN,0.0
527,NaN,693.0
528,NaN,1271.0
529,NaN,596.0
530,NaN,1344.0
531,NaN,1164.0
532,NaN,1598.0
533,NaN,835.0
534,NaN,1262.0
535,NaN,1019.0
536,NaN,325.0
537,NaN,1094.0
538,NaN,720.0
539,NaN,698.0
540,NaN,706.0
541,NaN,1232.0
542,NaN,542.0
543,NaN,599.0
544,NaN,1336.0
545,NaN,269.0
546,NaN,2e3
547,NaN,1499.0
548,NaN,638.0
549,NaN,1419.0
550,NaN,1086.0
551,NaN,1592.0
552,NaN,2086.0
553,NaN,1264.0
554,NaN,491.0
555,NaN,1692.0
556,NaN,1111.0
557,NaN,1306.0
558,NaN,791.0
559,NaN,1357.0
560,460.0,987.0
561,428.0,524.0
562,493.0,1477.0
563,460.0,165.0
564,428.0,721.0
565,296.0,218.0
566,493.0,1022.0
567,526.0,1118.0
568,493.0,729.0
569,493.0,222.0
570,460.0,949.0
571,658.0,1454.0
572,625.0,1596.0
573,658.0,1307.0
574,592.0,1564.0
575,625.0,1864.0
576,658.0,1612.0
577,855.0,1361.0
578,592.0,622.0
579,625.0,1028.0
580,559.0,597.0
581,724.0,1520.0
582,921.0,1288.0
583,888.0,893.0
584,592.0,580.0
585,658.0,1202.0
586,921.0,862.0
587,888.0,1873.0
588,460.0,351.0
589,658.0,1954.0
590,921.0,431.0
591,1118.0,713.0
592,1053.0,1516.0
593,1053.0,1096.0
594,987.0,1140.0
595,757.0,1529.0
596,1085.0,719.0
597,921.0,219.0
598,888.0,1553.0
599,822.0,533.0
600,757.0,1356.0
601,1151.0,1047.0
602,855.0,535.0
603,691.0,485.0
604,855.0,464.0
605,954.0,1564.0
606,855.0,980.0
607,1118.0,1095.0
608,888.0,1556.0
609,855.0,899.0
610,822.0,639.0
611,691.0,76.0
612,954.0,712.0
613,1250.0,548.0
614,1355.0,420.0
615,1050.0,587.0
616,1086.0,618.0
617,1012.0,817.0
618,1056.0,895.0
619,1482.0,322.0
620,1193.0,0.0
621,1401.0,1137.0
622,1590.0,1274.0
623,1529.0,1134.0
624,1557.0,885.0
625,1278.0,605.0
626,1063.0,751.0
627,1183.0,1240.0
628,1449.0,1256.0
629,1454.0,1019.0
630,1337.0,1047.0
631,735.0,1253.0
632,815.0,845.0
633,963.0,163.0
634,1294.0,349.0
635,1187.0,1083.0
636,1100.0,2974.0
637,1324.0,2189.0
638,1149.0,1543.0
639,846.0,509.0
640,1196.0,524.0
641,1082.0,1204.0
642,1063.0,638.0
643,701.0,1109.0
644,767.0,591.0
645,934.0,313.0
646,1022.0,0.0
647,789.0,850.0
648,1101.0,1192.0
649,1093.0,1223.0
650,1102.0,722.0
651,858.0,227.0
652,803.0,940.0
653,707.0,1085.0
654,954.0,1933.0
655,620.0,2070.0
656,998.0,2243.0
657,908.0,768.0
658,897.0,1164.0
659,952.0,867.0
660,831.0,250.0
661,958.0,714.0
662,1158.0,355.0
663,1147.0,707.0
664,1048.0,422.0
665,1037.0,876.0
666,1367.0,1289.0
667,1178.0,1768.0
668,1243.0,689.0
669,857.0,925.0
670,654.0,1365.0
671,662.0,917.0
672,1106.0,2230.0
673,890.0,1324.0
674,1027.0,397.0
675,1170.0,823.0
676,1027.0,1425.0
677,1209.0,406.0
678,1104.0,612.0
679,962.0,1243.0
680,1143.0,539.0
681,838.0,335.0
682,1240.0,1021.0
683,1116.0,1344.0
684,957.0,1578.0
685,1281.0,1509.0
686,748.0,1085.0
687,724.0,791.0
688,982.0,1512.0
689,878.0,2128.0
690,823.0,1581.0
691,715.0,1543.0
692,784.0,888.0
693,1002.0,1110.0
694,884.0,1218.0
695,777.0,1661.0
696,660.0,1165.0
697,777.0,1215.0
698,892.0,1079.0
699,911.0,1161.0
700,617.0,981.0
701,853.0,1346.0
702,927.0,1010.0
703,862.0,875.0
704,990.0,273.0
705,984.0,805.0
706,830.0,268.0
707,970.0,242.0
708,1183.0,674.0
709,1424.0,124.0
710,945.0,599.0
711,1222.0,700.0
712,1177.0,662.0
713,1140.0,770.0
714,1145.0,1099.0
715,1036.0,1152.0
716,1033.0,944.0
717,1249.0,347.0
718,1216.0,300.0
719,1138.0,1173.0
720,726.0,1390.0
721,828.0,881.0
722,1253.0,746.0
723,969.0,913.0
724,1050.0,503.0
725,1263.0,1370.0
726,1169.0,1030.0
727,550.0,1448.0
728,1064.0,1165.0
729,887.0,1137.0
730,1087.0,1590.0
731,750.0,1670.0
732,838.0,1057.0
733,1051.0,2202.0
734,1048.0,1130.0
735,915.0,953.0
736,832.0,1323.0
737,1271.0,1416.0
738,829.0,164.0
739,813.0,779.0
740,1016.0,1099.0
741,790.0,1160.0
742,849.0,302.0
743,836.0,1118.0
744,938.0,884.0
745,885.0,922.0
746,863.0,1146.0
747,432.0,1072.0
748,628.0,325.0
749,786.0,1133.0
750,943.0,771.0
751,747.0,245.0
752,904.0,1139.0
753,393.0,1200.0
754,786.0,1265.0
755,551.0,1e3
756,949.0,383.0
757,728.0,188.0
758,738.0,1288.0
759,778.0,1042.0
760,1021.0,493.0
761,1221.0,1402.0
762,1331.0,601.0
763,888.0,842.0
764,1243.0,653.0
765,906.0,1111.0
766,934.0,1255.0
767,859.0,515.0
768,808.0,1453.0
769,1118.0,1072.0
770,1090.0,970.0
771,1064.0,818.0
772,1067.0,1391.0
773,1218.0,926.0
774,1002.0,665.0
775,1002.0,740.0
776,1238.0,1028.0
777,1074.0,913.0
778,1391.0,715.0
779,980.0,731.0
780,1018.0,1323.0
781,1120.0,1060.0
782,1056.0,329.0
783,814.0,1271.0
784,792.0,1112.0
785,962.0,1332.0
786,969.0,1255.0
787,786.0,1310.0
788,915.0,751.0
789,881.0,1523.0
790,874.0,1351.0
791,860.0,1225.0
792,855.0,1371.0
793,778.0,872.0
794,1107.0,1843.0
795,1129.0,733.0
796,927.0,1780.0
797,1105.0,131.0
798,1109.0,1919.0
799,848.0,1693.0
800,1105.0,1761.0
801,1242.0,536.0
802,1254.0,1722.0
803,1076.0,2267.0
804,1211.0,1342.0
805,1093.0,999.0
806,1050.0,914.0
807,1004.0,694.0
808,903.0,466.0
809,977.0,32.0
810,1023.0,1225.0
811,1173.0,745.0
812,1211.0,739.0
813,1020.0,1245.0
814,946.0,1644.0
815,960.0,1282.0
816,976.0,1066.0
817,1263.0,595.0
818,1264.0,534.0
819,1160.0,262.0
820,1261.0,1485.0
821,1196.0,1650.0
822,1215.0,1561.0
823,833.0,296.0
824,908.0,847.0
825,1400.0,579.0
826,1118.0,1127.0
827,1148.0,688.0
828,1248.0,1230.0
829,1214.0,336.0
830,912.0,460.0
831,897.0,1090.0
832,1075.0,1046.0
833,945.0,789.0
834,976.0,754.0
835,933.0,455.0
836,944.0,1308.0
837,917.0,792.0
838,934.0,1064.0
839,978.0,802.0
840,867.0,251.0
841,870.0,883.0
842,1019.0,565.0
843,1057.0,1121.0
844,767.0,515.0
845,904.0,1097.0
846,857.0,737.0
847,981.0,371.0
848,978.0,978.0
849,1182.0,742.0
850,1102.0,1025.0
851,890.0,720.0
852,919.0,1768.0
853,1121.0,1579.0
854,1198.0,1763.0
855,1141.0,1370.0
856,1190.0,1671.0
857,1097.0,506.0
858,1304.0,1599.0
859,992.0,1026.0
860,1207.0,1374.0
861,1245.0,1460.0
862,960.0,1858.0
863,983.0,587.0
864,727.0,1470.0
865,1217.0,1154.0
866,1171.0,763.0
867,1169.0,353.0
868,933.0,604.0
869,919.0,1454.0
870,1096.0,693.0
871,937.0,1133.0
872,1146.0,1187.0
873,970.0,1029.0
874,694.0,1083.0
875,1049.0,1144.0
876,1131.0,1337.0
877,865.0,464.0
878,1363.0,641.0
879,1131.0,985.0
880,1092.0,528.0
881,1258.0,1085.0
882,1220.0,936.0
883,876.0,627.0
884,1079.0,295.0
885,995.0,1120.0
886,1160.0,1226.0
887,1341.0,1218.0
888,1041.0,1005.0
889,809.0,1194.0
890,1240.0,1302.0
891,1213.0,1080.0
892,847.0,597.0
893,935.0,1051.0
894,963.0,369.0
895,729.0,516.0
896,1215.0,1727.0
897,742.0,1397.0
898,761.0,1252.0
899,629.0,2011.0
900,744.0,1904.0
901,659.0,669.0
902,844.0,1525.0
903,1033.0,605.0
904,1010.0,773.0
905,838.0,1373.0
906,631.0,227.0
907,536.0,250.0
908,701.0,1067.0
909,904.0,1421.0
910,722.0,1430.0
911,846.0,1734.0
912,563.0,1571.0
913,594.0,1362.0
914,752.0,1495.0
915,686.0,1275.0
916,825.0,880.0
917,885.0,1450.0
918,761.0,1215.0
919,867.0,1430.0
920,1024.0,1011.0
921,1041.0,1136.0
922,661.0,449.0
923,959.0,244.0
924,733.0,375.0
925,904.0,814.0
926,1121.0,898.0
927,810.0,697.0
928,907.0,1111.0
929,1009.0,1291.0
930,908.0,467.0
931,893.0,1026.0
932,907.0,922.0
933,1093.0,803.0
934,853.0,930.0
935,1183.0,913.0
936,1282.0,977.0
937,1055.0,468.0
938,1290.0,1053.0
939,1336.0,604.0
940,1160.0,730.0
941,1179.0,959.0
942,935.0,1236.0
943,1173.0,978.0
944,870.0,1208.0
945,981.0,971.0
946,973.0,1392.0
947,888.0,1267.0
948,861.0,1492.0
949,955.0,1224.0
950,985.0,1241.0
951,1015.0,860.0
952,1142.0,1294.0
953,1250.0,738.0
954,1056.0,616.0
955,949.0,493.0
956,935.0,1454.0
957,1025.0,496.0
958,976.0,513.0
959,745.0,946.0
960,1003.0,1333.0
961,1020.0,985.0
962,1291.0,1339.0
963,1225.0,1016.0
964,1429.0,1143.0
965,1351.0,844.0
966,1400.0,1602.0
967,991.0,1283.0
968,971.0,977.0
969,930.0,653.0
970,988.0,1066.0
971,974.0,1248.0
972,1284.0,230.0
973,1613.0,1902.0
974,1352.0,1730.0
975,1067.0,848.0
976,975.0,820.0
977,1120.0,1531.0
978,920.0,765.0
979,1021.0,921.0
980,761.0,135.0
981,1233.0,178.0
982,1542.0,1028.0
983,952.0,458.0
984,1014.0,588.0
985,1123.0,980.0
986,928.0,917.0
987,1184.0,1731.0
988,1116.0,1862.0
989,888.0,2372.0
990,747.0,1367.0
991,621.0,429.0
992,863.0,898.0
993,821.0,822.0
994,907.0,956.0
995,1064.0,980.0
996,595.0,1255.0
997,868.0,845.0
998,558.0,999.0
999,586.0,714.0
1000,860.0,969.0
1001,938.0,556.0
1002,750.0,553.0
1003,1e3,951.0
1004,1126.0,759.0
1005,672.0,115.0
1006,542.0,1152.0
1007,1121.0,1091.0
1008,972.0,1109.0
1009,775.0,312.0
1010,904.0,782.0
1011,746.0,892.0
1012,768.0,1119.0
1013,821.0,640.0
1014,687.0,904.0
1015,886.0,1116.0
1016,978.0,1260.0
1017,959.0,1274.0
1018,966.0,754.0
1019,1091.0,240.0
1020,1013.0,1218.0
1021,1135.0,1130.0
1022,1091.0,982.0
1023,911.0,1262.0
1024,1114.0,1537.0
1025,1016.0,1333.0
1026,985.0,934.0
1027,1028.0,1131.0
1028,999.0,1064.0
1029,896.0,1197.0
1030,1031.0,593.0
1031,858.0,746.0
1032,1199.0,449.0
1033,1024.0,536.0
1034,913.0,967.0
1035,832.0,539.0
1036,895.0,495.0
1037,881.0,1204.0
1038,666.0,842.0
1039,927.0,891.0
1040,900.0,1009.0
1041,791.0,468.0
1042,1055.0,1373.0
1043,753.0,882.0
1044,1006.0,647.0
1045,978.0,856.0
1046,1031.0,494.0
1047,959.0,1189.0
1048,647.0,559.0
1049,814.0,1241.0
1050,1138.0,1209.0
1051,1019.0,780.0
1052,1059.0,1457.0
1053,1004.0,943.0
1054,959.0,1232.0
1055,963.0,527.0
1056,811.0,1309.0
1057,1103.0,1050.0
1058,1128.0,1410.0
1059,1009.0,1148.0
1060,1140.0,918.0
1061,1057.0,1193.0
1062,1103.0,398.0
1063,865.0,1985.0
1064,771.0,1750.0
1065,997.0,2103.0
1066,886.0,1618.0
1067,818.0,760.0
1068,900.0,688.0
1069,872.0,1236.0
1070,673.0,1244.0
1071,620.0,757.0
1072,1028.0,1245.0
1073,848.0,1026.0
1074,885.0,1221.0
1075,1045.0,1231.0
1076,1006.0,1345.0
1077,953.0,1323.0
1078,801.0,1178.0
1079,866.0,1537.0
1080,1056.0,2233.0
1081,1111.0,791.0
1082,916.0,791.0
1083,653.0,834.0
1084,856.0,1251.0
1085,1016.0,294.0
1086,1104.0,854.0
1087,1065.0,1397.0
1088,1065.0,1425.0
1089,1038.0,1179.0
1090,386.0,180.0
1091,655.0,538.0
1092,784.0,1015.0
1093,752.0,462.0
1094,877.0,798.0
1095,919.0,812.0
1096,969.0,956.0
1097,799.0,586.0
1098,1006.0,861.0
1099,899.0,513.0
1100,678.0,896.0
1101,919.0,598.0
1102,1220.0,1367.0
1103,1091.0,1348.0
1104,1042.0,985.0
1105,992.0,1192.0
1106,1157.0,603.0
1107,1285.0,1229.0
1108,1399.0,1027.0
1109,932.0,1016.0
1110,1120.0,1252.0
1111,1185.0,951.0
1112,1293.0,1630.0
1113,1464.0,1020.0
1114,1204.0,1567.0
1115,1071.0,1525.0
1116,1222.0,1913.0
1117,1343.0,2095.0
1118,1350.0,1531.0
1119,1067.0,1555.0
1120,1083.0,1443.0
1121,682.0,924.0
1122,1103.0,1901.0
1123,1131.0,673.0
1124,1279.0,1830.0
1125,1326.0,1292.0
1126,902.0,509.0
1127,1118.0,1475.0
1128,1192.0,1627.0
1129,1134.0,1652.0
1130,925.0,1008.0
1131,756.0,346.0
1132,891.0,1231.0
1133,908.0,447.0
1134,825.0,1061.0
1135,965.0,731.0
1136,1041.0,749.0
1137,1305.0,480.0
1138,1095.0,842.0
1139,935.0,831.0
1140,1009.0,270.0
1141,1235.0,852.0
1142,994.0,823.0
1143,673.0,678.0
1144,679.0,849.0
1145,838.0,966.0
1146,1052.0,432.0
1147,879.0,504.0
1148,692.0,522.0
1149,781.0,761.0
1150,540.0,133.0
1151,685.0,268.0
1152,1234.0,1049.0
1153,1249.0,803.0
1154,1298.0,579.0
1155,1277.0,1039.0
1156,1231.0,344.0
1157,1404.0,828.0
1158,1056.0,285.0
1159,938.0,1352.0
1160,1336.0,948.0
1161,1094.0,282.0
1162,1251.0,1004.0
1163,1145.0,1086.0
1164,1079.0,568.0
1165,1149.0,916.0
1166,1747.0,215.0
1167,1482.0,690.0
1168,1556.0,485.0
1169,1423.0,222.0
1170,1438.0,621.0
1171,1575.0,732.0
1172,1467.0,693.0
1173,1331.0,651.0
1174,933.0,469.0
1175,627.0,396.0
1176,867.0,515.0
1177,824.0,490.0
1178,1193.0,783.0
1179,1320.0,428.0
1180,944.0,838.0
1181,709.0,1804.0
1182,680.0,979.0
1183,927.0,1132.0
1184,1187.0,2019.0
1185,1066.0,1448.0
1186,1033.0,409.0
1187,1027.0,1419.0
1188,1136.0,1152.0
1189,1012.0,1294.0
1190,973.0,1401.0
1191,1129.0,563.0
1192,824.0,1020.0
1193,945.0,1394.0
1194,853.0,1577.0
1195,807.0,1744.0
1196,869.0,1931.0
1197,903.0,2234.0
1198,949.0,1124.0
1199,1014.0,733.0
1200,904.0,1902.0
1201,1123.0,1693.0
1202,978.0,747.0
1203,950.0,1500.0
1204,873.0,1249.0
1205,751.0,638.0
1206,655.0,1077.0
1207,823.0,1074.0
1208,865.0,941.0
1209,770.0,2161.0
1210,759.0,1483.0
1211,886.0,1308.0
1212,811.0,1077.0
1213,660.0,1179.0
1214,694.0,981.0
1215,845.0,351.0
1216,864.0,279.0
1217,661.0,373.0
1218,777.0,935.0
1219,778.0,1006.0
1220,1016.0,734.0
1221,983.0,732.0
1222,1128.0,1087.0
1223,876.0,1134.0
1224,1029.0,1019.0
1225,1028.0,1214.0
1226,943.0,903.0
1227,1111.0,183.0
1228,946.0,782.0
1229,870.0,1074.0
1230,889.0,914.0
1231,980.0,913.0
1232,885.0,932.0
1233,864.0,954.0
1234,825.0,651.0
1235,907.0,777.0
1236,1080.0,546.0
1237,831.0,728.0
1238,1019.0,1317.0
1239,896.0,1406.0
1240,689.0,830.0
1241,978.0,1119.0
1242,1022.0,1240.0
1243,871.0,848.0
1244,836.0,894.0
1245,857.0,988.0
1246,1228.0,684.0
1247,976.0,1082.0
1248,863.0,1687.0
1249,1045.0,1498.0
1250,951.0,1002.0
1251,933.0,927.0
1252,988.0,1082.0
1253,1134.0,1489.0
1254,867.0,137.0
1255,1010.0,1216.0
1256,1007.0,1120.0
1257,848.0,1169.0
1258,285.0,728.0
1259,810.0,1117.0
1260,1029.0,756.0
1261,973.0,1020.0
1262,914.0,1461.0
1263,936.0,527.0
1264,947.0,1144.0
1265,996.0,1410.0
1266,821.0,924.0
1267,1205.0,1204.0
1268,1006.0,1155.0
1269,1199.0,1709.0
1270,1278.0,1225.0
1271,1231.0,1820.0
1272,1091.0,1375.0
1273,991.0,634.0
1274,883.0,669.0
1275,1124.0,1057.0
1276,1070.0,539.0
1277,1062.0,631.0
1278,873.0,372.0
1279,911.0,726.0
1280,743.0,393.0
1281,911.0,806.0
1282,1123.0,804.0
1283,1077.0,421.0
1284,843.0,691.0
1285,949.0,608.0
1286,1056.0,890.0
1287,838.0,738.0
1288,776.0,569.0
1289,714.0,1054.0
1290,946.0,1444.0
1291,707.0,1057.0
1292,875.0,734.0
1293,803.0,937.0
1294,601.0,1035.0
1295,795.0,279.0
1296,836.0,757.0
1297,540.0,961.0
1298,819.0,1236.0
1299,825.0,672.0
1300,824.0,916.0
1301,1140.0,1412.0
1302,885.0,1506.0
1303,956.0,1463.0
1304,752.0,1062.0
1305,916.0,2064.0
1306,939.0,1051.0
1307,762.0,623.0
1308,928.0,601.0
1309,867.0,1787.0
1310,1075.0,1522.0
1311,1036.0,1290.0
1312,1108.0,1728.0
1313,1109.0,2193.0
1314,1181.0,1067.0
1315,1054.0,1331.0
1316,1141.0,106.0
1317,1182.0,872.0
1318,1066.0,959.0
1319,1027.0,1406.0
1320,469.0,1368.0
1321,547.0,1519.0
1322,621.0,1023.0
1323,598.0,981.0
1324,782.0,844.0
1325,945.0,1994.0
1326,838.0,1491.0
1327,775.0,1316.0
1328,623.0,1039.0
1329,799.0,969.0
1330,726.0,1535.0
1331,830.0,1351.0
1332,865.0,1545.0
1333,785.0,1962.0
1334,883.0,2174.0
1335,615.0,1098.0
1336,531.0,1717.0
1337,707.0,1858.0
1338,669.0,490.0
1339,834.0,1266.0
1340,762.0,726.0
1341,758.0,971.0
1342,679.0,918.0
1343,770.0,984.0
1344,814.0,804.0
1345,872.0,1064.0
1346,816.0,836.0
1347,847.0,610.0
1348,837.0,893.0
1349,778.0,1080.0
1350,835.0,503.0
1351,817.0,439.0
1352,699.0,699.0
1353,854.0,1474.0
1354,759.0,1402.0
1355,802.0,1016.0
1356,842.0,1298.0
1357,810.0,1181.0
1358,825.0,1405.0
1359,853.0,1576.0
1360,614.0,941.0
1361,874.0,917.0
1362,1044.0,646.0
1363,1066.0,589.0
1364,957.0,405.0
1365,1043.0,803.0
1366,986.0,1123.0
1367,1064.0,767.0
1368,1058.0,963.0
1369,862.0,820.0
1370,915.0,1598.0
1371,951.0,977.0
1372,928.0,1087.0
1373,816.0,917.0
1374,836.0,1371.0
1375,810.0,451.0
1376,1018.0,604.0
1377,1187.0,686.0
1378,985.0,1074.0
1379,987.0,839.0
1380,1339.0,2033.0
1381,1353.0,1077.0
1382,1044.0,2084.0
1383,1106.0,2240.0
1384,997.0,1582.0
1385,1029.0,1203.0
1386,1086.0,1391.0
1387,835.0,1028.0
1388,919.0,1139.0
1389,1037.0,648.0
1390,967.0,177.0
1391,959.0,721.0
1392,1085.0,838.0
1393,887.0,804.0
1394,1058.0,957.0
1395,1136.0,906.0
1396,950.0,703.0
1397,1222.0,758.0
1398,915.0,390.0
1399,453.0,505.0
1400,866.0,377.0
1401,972.0,423.0
1402,1131.0,350.0
1403,1163.0,316.0
1404,1089.0,731.0
1405,1064.0,601.0
1406,968.0,1028.0
1407,810.0,805.0
1408,666.0,944.0
1409,1055.0,1512.0
1410,856.0,1301.0
1411,706.0,415.0
1412,831.0,1250.0
1413,639.0,98.0
1414,733.0,1353.0
1415,656.0,509.0
1416,935.0,777.0
1417,847.0,1109.0
1418,797.0,716.0
1419,1140.0,768.0
1420,909.0,767.0
1421,872.0,476.0
1422,874.0,794.0
1423,918.0,581.0
1424,1230.0,896.0
1425,1137.0,703.0
1426,1130.0,1177.0
1427,1053.0,1058.0
1428,1218.0,1147.0
1429,1217.0,1087.0
1430,1051.0,1066.0
1431,1062.0,1078.0
1432,1087.0,1353.0
1433,1076.0,1377.0
1434,1033.0,859.0
1435,1014.0,953.0
1436,920.0,1189.0
1437,871.0,1069.0
1438,835.0,423.0
1439,751.0,915.0
1440,957.0,912.0
1441,956.0,1316.0
1442,851.0,515.0
1443,1126.0,916.0
1444,831.0,895.0
1445,833.0,673.0
1446,882.0,566.0
1447,989.0,764.0
1448,810.0,813.0
1449,825.0,504.0
1450,687.0,338.0
1451,1092.0,1319.0
1452,944.0,852.0
1453,972.0,1046.0
1454,1027.0,1118.0
1455,887.0,79.0
1456,932.0,944.0
1457,856.0,214.0
1458,794.0,1602.0
1459,830.0,812.0
1460,912.0,954.0
1461,794.0,548.0
1462,785.0,1529.0
1463,835.0,824.0
1464,812.0,164.0
1465,823.0,484.0
1466,744.0,1108.0
1467,966.0,1474.0
1468,916.0,936.0
1469,801.0,1264.0
1470,877.0,976.0
1471,789.0,360.0
1472,787.0,747.0
1473,785.0,349.0
1474,899.0,915.0
1475,859.0,482.0
1476,756.0,1047.0
1477,926.0,1238.0
1478,968.0,1044.0
1479,856.0,545.0
1480,743.0,272.0
1481,1012.0,731.0
1482,828.0,861.0
1483,875.0,889.0
1484,918.0,1410.0
1485,955.0,1005.0
1486,976.0,1167.0
1487,964.0,736.0
1488,917.0,1219.0
1489,893.0,1184.0
1490,1060.0,1045.0
1491,1132.0,1898.0
1492,928.0,1193.0
1493,854.0,1269.0
1494,828.0,1184.0
1495,560.0,12.0
1496,384.0,814.0
1497,715.0,788.0
1498,653.0,1241.0
1499,748.0,663.0
1500,725.0,88.0
1501,878.0,597.0
1502,1070.0,1090.0
1503,907.0,961.0
1504,970.0,980.0
1505,981.0,239.0
1506,980.0,45.0
1507,1168.0,699.0
1508,983.0,674.0
1509,1040.0,1110.0
1510,1076.0,246.0
1511,1328.0,1155.0
1512,1259.0,1068.0
1513,1190.0,1158.0
1514,1169.0,1312.0
1515,1063.0,788.0
1516,995.0,201.0
1517,986.0,650.0
1518,915.0,260.0
1519,1035.0,1091.0
1520,1092.0,1089.0
1521,1099.0,548.0
1522,796.0,109.0
1523,1029.0,598.0
1524,823.0,548.0
1525,1061.0,624.0
1526,1009.0,994.0
1527,1115.0,1094.0
1528,997.0,624.0
1529,1254.0,789.0
1530,1251.0,992.0
1531,1109.0,802.0
1532,1045.0,69.0
1533,1215.0,877.0
1534,959.0,771.0
1535,1050.0,777.0
1536,1083.0,1044.0
1537,1033.0,969.0
1538,908.0,475.0
1539,1149.0,848.0
1540,964.0,1193.0
1541,945.0,893.0
1542,777.0,67.0
1543,949.0,1075.0
1544,1001.0,491.0
1545,1079.0,855.0
1546,1070.0,779.0
1547,981.0,428.0
1548,954.0,877.0
1549,773.0,723.0
1550,910.0,1441.0
1551,952.0,833.0
1552,783.0,963.0
1553,856.0,1383.0
1554,1110.0,658.0
1555,968.0,761.0
1556,962.0,1907.0
1557,927.0,1369.0
1558,794.0,953.0
1559,669.0,916.0
1560,851.0,1253.0
1561,860.0,625.0
1562,913.0,576.0
1563,907.0,1217.0
1564,1007.0,900.0
1565,1037.0,1149.0
1566,1055.0,585.0
1567,953.0,501.0
1568,1098.0,1220.0
1569,1163.0,795.0
1570,1121.0,1403.0
1571,841.0,969.0
1572,1019.0,1079.0
1573,896.0,523.0
1574,882.0,441.0
1575,946.0,813.0
1576,893.0,883.0
1577,752.0,784.0
1578,878.0,700.0
1579,730.0,357.0
1580,744.0,711.0
1581,983.0,531.0
1582,1106.0,384.0
1583,1116.0,270.0
1584,956.0,25.0
1585,848.0,25.0
1586,1070.0,1030.0
1587,908.0,256.0
1588,1186.0,975.0
1589,1087.0,638.0
1590,932.0,107.0
1591,1015.0,976.0
1592,1348.0,608.0
1593,1332.0,637.0
1594,1570.0,1351.0
1595,1428.0,968.0
1596,1098.0,784.0
1597,1109.0,951.0
1598,958.0,746.0
1599,872.0,1039.0
1600,957.0,347.0
1601,817.0,1120.0
1602,962.0,978.0
1603,903.0,783.0
1604,861.0,744.0
1605,856.0,1293.0
1606,822.0,1045.0
1607,975.0,710.0
1608,949.0,1386.0
1609,764.0,1287.0
1610,875.0,1602.0
1611,910.0,1091.0
1612,655.0,851.0
1613,873.0,1314.0
1614,905.0,1027.0
1615,921.0,1339.0
1616,862.0,1450.0
1617,1123.0,1671.0
1618,919.0,1788.0
1619,1056.0,891.0
1620,1079.0,1672.0
1621,925.0,1608.0
1622,661.0,1189.0
1623,789.0,632.0
1624,934.0,636.0
1625,701.0,702.0
1626,915.0,476.0
1627,818.0,1073.0
1628,1017.0,788.0
1629,1030.0,1233.0
1630,1005.0,1077.0
1631,917.0,1025.0
1632,1218.0,388.0
1633,991.0,1207.0
1634,1217.0,1019.0
1635,995.0,1532.0
1636,1172.0,431.0
1637,1331.0,695.0
1638,1186.0,880.0
1639,1002.0,718.0
1640,1103.0,1122.0
1641,876.0,1177.0
1642,817.0,1005.0
1643,853.0,1007.0
1644,700.0,792.0
1645,535.0,805.0
1646,726.0,1254.0
1647,810.0,1124.0
1648,852.0,484.0
1649,926.0,1030.0
1650,786.0,1141.0
1651,875.0,1260.0
1652,795.0,704.0
1653,864.0,1370.0
1654,587.0,226.0
1655,943.0,1406.0
1656,1014.0,1186.0
1657,1067.0,713.0
1658,1090.0,623.0
1659,997.0,776.0
1660,956.0,1019.0
1661,1037.0,528.0
1662,823.0,683.0
1663,1028.0,628.0
1664,808.0,499.0
1665,840.0,1271.0
1666,714.0,559.0
1667,779.0,416.0
1668,692.0,510.0
1669,632.0,562.0
1670,773.0,646.0
1671,880.0,903.0
1672,682.0,876.0
1673,833.0,1166.0
1674,889.0,1222.0
1675,751.0,1356.0
1676,839.0,571.0
1677,776.0,1034.0
1678,857.0,1496.0
1679,958.0,675.0
1680,842.0,1176.0
1681,971.0,1203.0
1682,960.0,1315.0
1683,1096.0,1360.0
1684,1062.0,733.0
1685,1046.0,148.0
1686,1130.0,945.0
1687,1097.0,904.0
1688,1160.0,1080.0
1689,1255.0,1240.0
1690,1175.0,1581.0
1691,1175.0,1264.0
1692,1468.0,1632.0
1693,1469.0,1263.0
1694,1382.0,959.0
1695,1180.0,1074.0
1696,984.0,675.0
1697,986.0,1121.0
1698,1036.0,1359.0
1699,1022.0,1704.0
1700,952.0,1404.0
1701,1010.0,1681.0
1702,831.0,918.0
1703,895.0,1308.0
1704,851.0,805.0
1705,860.0,1481.0
1706,800.0,1890.0
1707,850.0,752.0
1708,861.0,1167.0
1709,884.0,1111.0
1710,1070.0,1686.0
1711,929.0,1418.0
1712,1135.0,1422.0
1713,1329.0,946.0
1714,1206.0,823.0
1715,1106.0,1145.0
1716,967.0,680.0
1717,1265.0,829.0
1718,1228.0,1304.0
1719,1291.0,1516.0
1720,1180.0,2225.0
1721,1341.0,1224.0
1722,1146.0,964.0
1723,1213.0,1569.0
1724,1054.0,480.0
1725,1285.0,1743.0
1726,1393.0,1459.0
1727,1004.0,1669.0
1728,1094.0,927.0
1729,1076.0,101.0
1730,954.0,994.0
1731,1324.0,854.0
1732,1147.0,1117.0
1733,1217.0,689.0
1734,1010.0,1487.0
1735,947.0,469.0
1736,883.0,1178.0
1737,881.0,859.0
1738,1152.0,989.0
1739,1207.0,665.0
1740,1180.0,732.0
1741,1236.0,864.0
1742,1349.0,823.0
1743,1187.0,1324.0
1744,889.0,1153.0
1745,357.0,1440.0
1746,465.0,1630.0
1747,487.0,2094.0
1748,348.0,489.0
1749,525.0,1768.0
1750,653.0,1147.0
1751,758.0,1152.0
1752,651.0,709.0
1753,1037.0,811.0
1754,976.0,884.0
1755,965.0,627.0
1756,1163.0,896.0
1757,1148.0,401.0
1758,795.0,767.0
1759,869.0,895.0
1760,914.0,649.0
1761,832.0,804.0
1762,989.0,898.0
1763,816.0,1016.0
1764,832.0,1152.0
1765,1284.0,638.0
1766,1182.0,1448.0
1767,1091.0,508.0
1768,935.0,1205.0
1769,1004.0,1326.0
1770,690.0,931.0
1771,995.0,1555.0
1772,947.0,1174.0
1773,1041.0,233.0
1774,997.0,938.0
1775,955.0,749.0
1776,827.0,1027.0
1777,974.0,894.0
1778,910.0,545.0
1779,1009.0,913.0
1780,1266.0,526.0
1781,1130.0,997.0
1782,980.0,288.0
1783,1357.0,1392.0
1784,1264.0,1188.0
1785,1210.0,1230.0
1786,1159.0,877.0
1787,1202.0,1249.0
1788,1441.0,711.0
1789,1062.0,718.0
1790,1089.0,298.0
1791,795.0,1417.0
1792,899.0,1446.0
1793,993.0,1551.0
1794,977.0,867.0
1795,992.0,766.0
1796,1261.0,738.0
1797,1240.0,1074.0
1798,1104.0,969.0
1799,1120.0,1077.0
1800,1185.0,1017.0
1801,1093.0,781.0
1802,1297.0,1353.0
1803,1025.0,858.0
1804,1064.0,1341.0
1805,995.0,597.0
1806,982.0,702.0
1807,999.0,1111.0
1808,930.0,513.0
1809,828.0,849.0
1810,945.0,731.0
1811,950.0,1034.0
1812,1028.0,1152.0
1813,1096.0,470.0
1814,1085.0,944.0
1815,961.0,1202.0
1816,1008.0,2113.0
1817,1060.0,1938.0
1818,609.0,395.0
1819,614.0,340.0
1820,689.0,213.0
1821,598.0,1518.0
1822,482.0,753.0
1823,651.0,332.0
1824,648.0,632.0
1825,948.0,963.0
1826,936.0,1111.0
1827,1111.0,798.0
1828,1078.0,1226.0
1829,1020.0,922.0
1830,864.0,949.0
1831,930.0,925.0
1832,777.0,1524.0
1833,983.0,1463.0
1834,778.0,996.0
1835,718.0,1425.0
1836,485.0,1405.0
1837,670.0,1248.0
1838,530.0,1592.0
1839,328.0,1738.0
1840,329.0,2024.0
1841,384.0,1374.0
1842,266.0,798.0
1843,387.0,1482.0
1844,373.0,1541.0
1845,390.0,589.0
1846,484.0,1436.0
1847,511.0,111.0
1848,724.0,1438.0
1849,646.0,1393.0
1850,788.0,1494.0
1851,493.0,498.0
1852,741.0,1533.0
1853,705.0,1408.0
1854,874.0,1136.0
1855,859.0,1273.0
1856,941.0,1367.0
1857,1158.0,945.0
1858,1042.0,1370.0
1859,1215.0,798.0
1860,991.0,941.0
1861,1141.0,99.0
1862,1272.0,1509.0
1863,1214.0,1022.0
1864,1326.0,299.0
1865,1126.0,1117.0
1866,1374.0,1039.0
1867,1220.0,1579.0
1868,848.0,1275.0
1869,1131.0,1480.0
1870,996.0,490.0
1871,1135.0,577.0
1872,1081.0,434.0
1873,1272.0,813.0
1874,1188.0,932.0
1875,1034.0,797.0
1876,1514.0,498.0
1877,1347.0,1602.0
1878,1378.0,787.0
1879,1349.0,813.0
1880,862.0,782.0
1881,1333.0,765.0
1882,1144.0,670.0
1883,1357.0,690.0
1884,1374.0,1026.0
1885,1471.0,1211.0
1886,1611.0,1086.0
1887,1455.0,490.0
1888,1519.0,1454.0
1889,1624.0,1200.0
1890,1474.0,1233.0
1891,1352.0,1339.0
1892,1571.0,1175.0
1893,1343.0,607.0
1894,1493.0,456.0
1895,1307.0,898.0
1896,1456.0,135.0
1897,1402.0,1244.0
1898,1671.0,1003.0
1899,1322.0,182.0
1900,1390.0,521.0
1901,1125.0,1074.0
1902,1015.0,53.0
1903,1227.0,1181.0
1904,984.0,69.0
1905,1110.0,1099.0
1906,815.0,1073.0
1907,1481.0,1558.0
1908,1079.0,1172.0
1909,1395.0,1558.0
1910,1523.0,1410.0
1911,1680.0,1448.0
1912,1678.0,1735.0
1913,1404.0,980.0
1914,1062.0,1793.0
1915,1167.0,2060.0
1916,1196.0,1774.0
1917,1231.0,1789.0
1918,1179.0,735.0
1919,1378.0,1380.0
1920,1043.0,1937.0
1921,1101.0,1426.0
1922,1216.0,1656.0
1923,883.0,960.0
1924,788.0,1188.0
1925,844.0,853.0
1926,877.0,1651.0
1927,948.0,1188.0
1928,1079.0,1348.0
1929,1253.0,1131.0
1930,1208.0,1028.0
1931,1313.0,1056.0
1932,1280.0,1590.0
1933,1409.0,822.0
1934,918.0,424.0
1935,1383.0,1246.0
1936,1405.0,749.0
1937,1427.0,1147.0
1938,1426.0,1265.0
1939,1267.0,1022.0
1940,1390.0,937.0
1941,1554.0,1684.0
1942,1722.0,1349.0
1943,1641.0,1029.0
1944,1416.0,1041.0
1945,1403.0,990.0
1946,1399.0,535.0
1947,1672.0,1101.0
1948,1629.0,1269.0
1949,1559.0,1528.0
1950,1326.0,780.0
1951,1667.0,299.0
1952,1069.0,1247.0
1953,1278.0,604.0
1954,1327.0,668.0
1955,1319.0,901.0
1956,1224.0,672.0
1957,1631.0,1235.0
1958,1733.0,1246.0
1959,1664.0,250.0
1960,1224.0,1151.0
1961,1312.0,833.0
1962,1397.0,781.0
1963,1417.0,738.0
1964,1193.0,794.0
1965,1224.0,1217.0
1966,1397.0,1106.0
1967,1132.0,773.0
1968,1199.0,906.0
1969,1361.0,860.0
1970,1190.0,837.0
1971,1150.0,954.0
1972,1292.0,749.0
1973,1160.0,1410.0
1974,1148.0,710.0
1975,1189.0,1307.0
1976,1275.0,737.0
1977,1441.0,214.0
1978,1135.0,1221.0
1979,966.0,1210.0
1980,1032.0,1148.0
1981,1052.0,492.0
1982,1203.0,1093.0
1983,1302.0,1367.0
1984,NaN,1101.0
1985,NaN,1219.0
1986,NaN,1352.0
1987,NaN,1730.0
1988,NaN,1587.0
1989,NaN,966.0
